[INFO] Scanning for projects...
[INFO] 
[INFO] ----------------------< com.ngxcrm:service-core >-----------------------
[INFO] Building service-core 0.0.1-SNAPSHOT
[INFO]   from pom.xml
[INFO] --------------------------------[ jar ]---------------------------------
[INFO] 
[INFO] >>> spring-boot:4.0.3:run (default-cli) > test-compile @ service-core >>>
[INFO] 
[INFO] --- resources:3.3.1:resources (default-resources) @ service-core ---
[INFO] Copying 1 resource from src/main/resources to target/classes
[INFO] Copying 1 resource from src/main/resources to target/classes
[INFO] 
[INFO] --- compiler:3.14.1:compile (default-compile) @ service-core ---
[INFO] Recompiling the module because of added or removed source files.
[INFO] Compiling 9 source files with javac [debug parameters release 17] to target/classes
[INFO] 
[INFO] --- resources:3.3.1:testResources (default-testResources) @ service-core ---
[INFO] skip non existing resourceDirectory /Users/rameshbabukm/Documents/Projects/ngx-crm/backend/service-core/src/test/resources
[INFO] 
[INFO] --- compiler:3.14.1:testCompile (default-testCompile) @ service-core ---
[INFO] Recompiling the module because of changed dependency.
[INFO] Compiling 1 source file with javac [debug parameters release 17] to target/test-classes
[INFO] 
[INFO] <<< spring-boot:4.0.3:run (default-cli) < test-compile @ service-core <<<
[INFO] 
[INFO] 
[INFO] --- spring-boot:4.0.3:run (default-cli) @ service-core ---
[INFO] Attaching agents: []

  .   ____          _            __ _ _
 /\\ / ___'_ __ _ _(_)_ __  __ _ \ \ \ \
( ( )\___ | '_ | '_| | '_ \/ _` | \ \ \ \
 \\/  ___)| |_)| | | | | || (_| |  ) ) ) )
  '  |____| .__|_| |_|_| |_\__, | / / / /
 =========|_|==============|___/=/_/_/_/

 :: Spring Boot ::                (v4.0.3)

2026-02-21T09:49:33.386+05:30  INFO 49480 --- [service-core] [           main] c.ngxcrm.service.ServiceCoreApplication  : Starting ServiceCoreApplication using Java 17.0.12 with PID 49480 (/Users/rameshbabukm/Documents/Projects/ngx-crm/backend/service-core/target/classes started by rameshbabukm in /Users/rameshbabukm/Documents/Projects/ngx-crm/backend/service-core)
2026-02-21T09:49:33.388+05:30  INFO 49480 --- [service-core] [           main] c.ngxcrm.service.ServiceCoreApplication  : No active profile set, falling back to 1 default profile: "default"
2026-02-21T09:49:33.661+05:30  INFO 49480 --- [service-core] [           main] .s.d.r.c.RepositoryConfigurationDelegate : Bootstrapping Spring Data JPA repositories in DEFAULT mode.
2026-02-21T09:49:33.718+05:30  INFO 49480 --- [service-core] [           main] .s.d.r.c.RepositoryConfigurationDelegate : Finished Spring Data repository scanning in 53 ms. Found 2 JPA repository interfaces.
2026-02-21T09:49:33.953+05:30  INFO 49480 --- [service-core] [           main] o.s.boot.tomcat.TomcatWebServer          : Tomcat initialized with port 8084 (http)
2026-02-21T09:49:33.958+05:30  INFO 49480 --- [service-core] [           main] o.apache.catalina.core.StandardService   : Starting service [Tomcat]
2026-02-21T09:49:33.958+05:30  INFO 49480 --- [service-core] [           main] o.apache.catalina.core.StandardEngine    : Starting Servlet engine: [Apache Tomcat/11.0.18]
2026-02-21T09:49:33.977+05:30  INFO 49480 --- [service-core] [           main] b.w.c.s.WebApplicationContextInitializer : Root WebApplicationContext: initialization completed in 567 ms
2026-02-21T09:49:34.076+05:30  INFO 49480 --- [service-core] [           main] org.hibernate.orm.jpa                    : HHH008540: Processing PersistenceUnitInfo [name: default]
2026-02-21T09:49:34.095+05:30  INFO 49480 --- [service-core] [           main] org.hibernate.orm.core                   : HHH000001: Hibernate ORM core version 7.2.4.Final
2026-02-21T09:49:34.258+05:30  INFO 49480 --- [service-core] [           main] o.s.o.j.p.SpringPersistenceUnitInfo      : No LoadTimeWeaver setup: ignoring JPA class transformer
2026-02-21T09:49:34.271+05:30  INFO 49480 --- [service-core] [           main] com.zaxxer.hikari.HikariDataSource       : HikariPool-1 - Starting...
2026-02-21T09:49:34.341+05:30  INFO 49480 --- [service-core] [           main] com.zaxxer.hikari.pool.HikariPool        : HikariPool-1 - Added connection org.postgresql.jdbc.PgConnection@77e1dacd
2026-02-21T09:49:34.341+05:30  INFO 49480 --- [service-core] [           main] com.zaxxer.hikari.HikariDataSource       : HikariPool-1 - Start completed.
2026-02-21T09:49:34.353+05:30  WARN 49480 --- [service-core] [           main] org.hibernate.orm.deprecation            : HHH90000025: PostgreSQLDialect does not need to be specified explicitly using 'hibernate.dialect' (remove the property setting and it will be selected by default)
2026-02-21T09:49:34.363+05:30  INFO 49480 --- [service-core] [           main] org.hibernate.orm.connections.pooling    : HHH10001005: Database info:
	Database JDBC URL [jdbc:postgresql://localhost:5432/service_db]
	Database driver: PostgreSQL JDBC Driver
	Database dialect: PostgreSQLDialect
	Database version: 15.16
	Default catalog/schema: service_db/public
	Autocommit mode: undefined/unknown
	Isolation level: READ_COMMITTED [default READ_COMMITTED]
	JDBC fetch size: none
	Pool: DataSourceConnectionProvider
	Minimum pool size: undefined/unknown
	Maximum pool size: undefined/unknown
2026-02-21T09:49:34.741+05:30  INFO 49480 --- [service-core] [           main] org.hibernate.orm.core                   : HHH000489: No JTA platform available (set 'hibernate.transaction.jta.platform' to enable JTA platform integration)
2026-02-21T09:49:34.786+05:30  INFO 49480 --- [service-core] [           main] j.LocalContainerEntityManagerFactoryBean : Initialized JPA EntityManagerFactory for persistence unit 'default'
2026-02-21T09:49:34.820+05:30  INFO 49480 --- [service-core] [           main] o.s.d.j.r.query.QueryEnhancerFactories   : Hibernate is in classpath; If applicable, HQL parser will be used.
2026-02-21T09:49:34.878+05:30  WARN 49480 --- [service-core] [           main] JpaBaseConfiguration$JpaWebConfiguration : spring.jpa.open-in-view is enabled by default. Therefore, database queries may be performed during view rendering. Explicitly configure spring.jpa.open-in-view to disable this warning
2026-02-21T09:49:35.040+05:30  INFO 49480 --- [service-core] [           main] efaultSchemaResourceGraphQlSourceBuilder : Loaded 1 resource(s) in the GraphQL schema.
2026-02-21T09:49:35.108+05:30  INFO 49480 --- [service-core] [           main] o.s.b.g.a.GraphQlAutoConfiguration       : GraphQL schema inspection:
	Unmapped fields: {}
	Unmapped registrations: {}
	Unmapped arguments: {}
	Field nullness errors: {}
	Argument nullness errors: {}
	Skipped types: []
2026-02-21T09:49:35.117+05:30  INFO 49480 --- [service-core] [           main] s.b.g.a.s.GraphQlWebMvcAutoConfiguration : GraphQL endpoint HTTP POST /graphql
2026-02-21T09:49:35.251+05:30  INFO 49480 --- [service-core] [           main] o.s.b.a.e.web.EndpointLinksResolver      : Exposing 1 endpoint beneath base path '/actuator'
2026-02-21T09:49:35.294+05:30  INFO 49480 --- [service-core] [           main] o.s.boot.tomcat.TomcatWebServer          : Tomcat started on port 8084 (http) with context path '/'
2026-02-21T09:49:35.314+05:30  INFO 49480 --- [service-core] [           main] o.a.kafka.common.config.AbstractConfig   : ConsumerConfig values: 
	allow.auto.create.topics = true
	auto.commit.interval.ms = 5000
	auto.offset.reset = latest
	bootstrap.servers = [localhost:29092]
	check.crcs = true
	client.dns.lookup = use_all_dns_ips
	client.id = consumer-service-core-group-1
	client.rack = 
	connections.max.idle.ms = 540000
	default.api.timeout.ms = 60000
	enable.auto.commit = false
	enable.metrics.push = true
	exclude.internal.topics = true
	fetch.max.bytes = 52428800
	fetch.max.wait.ms = 500
	fetch.min.bytes = 1
	group.id = service-core-group
	group.instance.id = null
	group.protocol = classic
	group.remote.assignor = null
	heartbeat.interval.ms = 3000
	interceptor.classes = []
	internal.leave.group.on.close = true
	internal.throw.on.fetch.stable.offset.unsupported = false
	isolation.level = read_uncommitted
	key.deserializer = class org.apache.kafka.common.serialization.StringDeserializer
	max.partition.fetch.bytes = 1048576
	max.poll.interval.ms = 300000
	max.poll.records = 500
	metadata.max.age.ms = 300000
	metadata.recovery.rebootstrap.trigger.ms = 300000
	metadata.recovery.strategy = rebootstrap
	metric.reporters = [org.apache.kafka.common.metrics.JmxReporter]
	metrics.num.samples = 2
	metrics.recording.level = INFO
	metrics.sample.window.ms = 30000
	partition.assignment.strategy = [class org.apache.kafka.clients.consumer.RangeAssignor, class org.apache.kafka.clients.consumer.CooperativeStickyAssignor]
	receive.buffer.bytes = 65536
	reconnect.backoff.max.ms = 1000
	reconnect.backoff.ms = 50
	request.timeout.ms = 30000
	retry.backoff.max.ms = 1000
	retry.backoff.ms = 100
	sasl.client.callback.handler.class = null
	sasl.jaas.config = null
	sasl.kerberos.kinit.cmd = /usr/bin/kinit
	sasl.kerberos.min.time.before.relogin = 60000
	sasl.kerberos.service.name = null
	sasl.kerberos.ticket.renew.jitter = 0.05
	sasl.kerberos.ticket.renew.window.factor = 0.8
	sasl.login.callback.handler.class = null
	sasl.login.class = null
	sasl.login.connect.timeout.ms = null
	sasl.login.read.timeout.ms = null
	sasl.login.refresh.buffer.seconds = 300
	sasl.login.refresh.min.period.seconds = 60
	sasl.login.refresh.window.factor = 0.8
	sasl.login.refresh.window.jitter = 0.05
	sasl.login.retry.backoff.max.ms = 10000
	sasl.login.retry.backoff.ms = 100
	sasl.mechanism = GSSAPI
	sasl.oauthbearer.assertion.algorithm = RS256
	sasl.oauthbearer.assertion.claim.aud = null
	sasl.oauthbearer.assertion.claim.exp.seconds = 300
	sasl.oauthbearer.assertion.claim.iss = null
	sasl.oauthbearer.assertion.claim.jti.include = false
	sasl.oauthbearer.assertion.claim.nbf.seconds = 60
	sasl.oauthbearer.assertion.claim.sub = null
	sasl.oauthbearer.assertion.file = null
	sasl.oauthbearer.assertion.private.key.file = null
	sasl.oauthbearer.assertion.private.key.passphrase = null
	sasl.oauthbearer.assertion.template.file = null
	sasl.oauthbearer.client.credentials.client.id = null
	sasl.oauthbearer.client.credentials.client.secret = null
	sasl.oauthbearer.clock.skew.seconds = 30
	sasl.oauthbearer.expected.audience = null
	sasl.oauthbearer.expected.issuer = null
	sasl.oauthbearer.header.urlencode = false
	sasl.oauthbearer.jwks.endpoint.refresh.ms = 3600000
	sasl.oauthbearer.jwks.endpoint.retry.backoff.max.ms = 10000
	sasl.oauthbearer.jwks.endpoint.retry.backoff.ms = 100
	sasl.oauthbearer.jwks.endpoint.url = null
	sasl.oauthbearer.jwt.retriever.class = class org.apache.kafka.common.security.oauthbearer.DefaultJwtRetriever
	sasl.oauthbearer.jwt.validator.class = class org.apache.kafka.common.security.oauthbearer.DefaultJwtValidator
	sasl.oauthbearer.scope = null
	sasl.oauthbearer.scope.claim.name = scope
	sasl.oauthbearer.sub.claim.name = sub
	sasl.oauthbearer.token.endpoint.url = null
	security.protocol = PLAINTEXT
	security.providers = null
	send.buffer.bytes = 131072
	session.timeout.ms = 45000
	share.acknowledgement.mode = implicit
	socket.connection.setup.timeout.max.ms = 30000
	socket.connection.setup.timeout.ms = 10000
	ssl.cipher.suites = null
	ssl.enabled.protocols = [TLSv1.2, TLSv1.3]
	ssl.endpoint.identification.algorithm = https
	ssl.engine.factory.class = null
	ssl.key.password = null
	ssl.keymanager.algorithm = SunX509
	ssl.keystore.certificate.chain = null
	ssl.keystore.key = null
	ssl.keystore.location = null
	ssl.keystore.password = null
	ssl.keystore.type = JKS
	ssl.protocol = TLSv1.3
	ssl.provider = null
	ssl.secure.random.implementation = null
	ssl.trustmanager.algorithm = PKIX
	ssl.truststore.certificates = null
	ssl.truststore.location = null
	ssl.truststore.password = null
	ssl.truststore.type = JKS
	value.deserializer = class org.apache.kafka.common.serialization.StringDeserializer

2026-02-21T09:49:35.334+05:30  INFO 49480 --- [service-core] [           main] o.a.k.c.t.i.KafkaMetricsCollector        : initializing Kafka metrics collector
2026-02-21T09:49:35.380+05:30  INFO 49480 --- [service-core] [           main] o.a.kafka.common.utils.AppInfoParser     : Kafka version: 4.1.1
2026-02-21T09:49:35.381+05:30  INFO 49480 --- [service-core] [           main] o.a.kafka.common.utils.AppInfoParser     : Kafka commitId: be816b82d25370ce
2026-02-21T09:49:35.381+05:30  INFO 49480 --- [service-core] [           main] o.a.kafka.common.utils.AppInfoParser     : Kafka startTimeMs: 1771647575380
2026-02-21T09:49:35.384+05:30  INFO 49480 --- [service-core] [           main] o.a.k.c.c.i.ClassicKafkaConsumer         : [Consumer clientId=consumer-service-core-group-1, groupId=service-core-group] Subscribed to topic(s): sales_server.public.outbox_events
2026-02-21T09:49:35.392+05:30  INFO 49480 --- [service-core] [           main] c.ngxcrm.service.ServiceCoreApplication  : Started ServiceCoreApplication in 2.173 seconds (process running for 2.336)
2026-02-21T09:49:35.511+05:30  INFO 49480 --- [service-core] [ntainer#0-0-C-1] org.apache.kafka.clients.NetworkClient   : [Consumer clientId=consumer-service-core-group-1, groupId=service-core-group] Node -1 disconnected.
2026-02-21T09:49:35.511+05:30  WARN 49480 --- [service-core] [ntainer#0-0-C-1] org.apache.kafka.clients.NetworkClient   : [Consumer clientId=consumer-service-core-group-1, groupId=service-core-group] Connection to node -1 (localhost/127.0.0.1:29092) could not be established. Node may not be available.
2026-02-21T09:49:35.512+05:30  WARN 49480 --- [service-core] [ntainer#0-0-C-1] org.apache.kafka.clients.NetworkClient   : [Consumer clientId=consumer-service-core-group-1, groupId=service-core-group] Bootstrap broker localhost:29092 (id: -1 rack: null isFenced: false) disconnected
2026-02-21T09:49:35.603+05:30  INFO 49480 --- [service-core] [ntainer#0-0-C-1] org.apache.kafka.clients.NetworkClient   : [Consumer clientId=consumer-service-core-group-1, groupId=service-core-group] Node -1 disconnected.
2026-02-21T09:49:35.603+05:30  WARN 49480 --- [service-core] [ntainer#0-0-C-1] org.apache.kafka.clients.NetworkClient   : [Consumer clientId=consumer-service-core-group-1, groupId=service-core-group] Connection to node -1 (localhost/127.0.0.1:29092) could not be established. Node may not be available.
2026-02-21T09:49:35.603+05:30  WARN 49480 --- [service-core] [ntainer#0-0-C-1] org.apache.kafka.clients.NetworkClient   : [Consumer clientId=consumer-service-core-group-1, groupId=service-core-group] Bootstrap broker localhost:29092 (id: -1 rack: null isFenced: false) disconnected
2026-02-21T09:49:35.632+05:30  INFO 49480 --- [service-core] [ntainer#0-0-C-1] org.apache.kafka.clients.Metadata        : [Consumer clientId=consumer-service-core-group-1, groupId=service-core-group] Rebootstrapping with [localhost/127.0.0.1:29092]
2026-02-21T09:49:35.685+05:30  INFO 49480 --- [service-core] [ntainer#0-0-C-1] org.apache.kafka.clients.Metadata        : [Consumer clientId=consumer-service-core-group-1, groupId=service-core-group] Rebootstrapping with [localhost/127.0.0.1:29092]
2026-02-21T09:49:35.871+05:30  INFO 49480 --- [service-core] [ntainer#0-0-C-1] org.apache.kafka.clients.NetworkClient   : [Consumer clientId=consumer-service-core-group-1, groupId=service-core-group] Node -1 disconnected.
2026-02-21T09:49:35.871+05:30  WARN 49480 --- [service-core] [ntainer#0-0-C-1] org.apache.kafka.clients.NetworkClient   : [Consumer clientId=consumer-service-core-group-1, groupId=service-core-group] Connection to node -1 (localhost/127.0.0.1:29092) could not be established. Node may not be available.
2026-02-21T09:49:35.871+05:30  WARN 49480 --- [service-core] [ntainer#0-0-C-1] org.apache.kafka.clients.NetworkClient   : [Consumer clientId=consumer-service-core-group-1, groupId=service-core-group] Bootstrap broker localhost:29092 (id: -1 rack: null isFenced: false) disconnected
2026-02-21T09:49:36.077+05:30  INFO 49480 --- [service-core] [ntainer#0-0-C-1] org.apache.kafka.clients.Metadata        : [Consumer clientId=consumer-service-core-group-1, groupId=service-core-group] Rebootstrapping with [localhost/127.0.0.1:29092]
2026-02-21T09:49:36.131+05:30  INFO 49480 --- [service-core] [ntainer#0-0-C-1] org.apache.kafka.clients.NetworkClient   : [Consumer clientId=consumer-service-core-group-1, groupId=service-core-group] Node -1 disconnected.
2026-02-21T09:49:36.132+05:30  WARN 49480 --- [service-core] [ntainer#0-0-C-1] org.apache.kafka.clients.NetworkClient   : [Consumer clientId=consumer-service-core-group-1, groupId=service-core-group] Connection to node -1 (localhost/127.0.0.1:29092) could not be established. Node may not be available.
2026-02-21T09:49:36.132+05:30  WARN 49480 --- [service-core] [ntainer#0-0-C-1] org.apache.kafka.clients.NetworkClient   : [Consumer clientId=consumer-service-core-group-1, groupId=service-core-group] Bootstrap broker localhost:29092 (id: -1 rack: null isFenced: false) disconnected
2026-02-21T09:49:36.582+05:30  INFO 49480 --- [service-core] [ntainer#0-0-C-1] org.apache.kafka.clients.NetworkClient   : [Consumer clientId=consumer-service-core-group-1, groupId=service-core-group] Node -1 disconnected.
2026-02-21T09:49:36.583+05:30  WARN 49480 --- [service-core] [ntainer#0-0-C-1] org.apache.kafka.clients.NetworkClient   : [Consumer clientId=consumer-service-core-group-1, groupId=service-core-group] Connection to node -1 (localhost/127.0.0.1:29092) could not be established. Node may not be available.
2026-02-21T09:49:36.583+05:30  WARN 49480 --- [service-core] [ntainer#0-0-C-1] org.apache.kafka.clients.NetworkClient   : [Consumer clientId=consumer-service-core-group-1, groupId=service-core-group] Bootstrap broker localhost:29092 (id: -1 rack: null isFenced: false) disconnected
2026-02-21T09:49:37.375+05:30  INFO 49480 --- [service-core] [ntainer#0-0-C-1] org.apache.kafka.clients.NetworkClient   : [Consumer clientId=consumer-service-core-group-1, groupId=service-core-group] Node -1 disconnected.
2026-02-21T09:49:37.376+05:30  WARN 49480 --- [service-core] [ntainer#0-0-C-1] org.apache.kafka.clients.NetworkClient   : [Consumer clientId=consumer-service-core-group-1, groupId=service-core-group] Connection to node -1 (localhost/127.0.0.1:29092) could not be established. Node may not be available.
2026-02-21T09:49:37.376+05:30  WARN 49480 --- [service-core] [ntainer#0-0-C-1] org.apache.kafka.clients.NetworkClient   : [Consumer clientId=consumer-service-core-group-1, groupId=service-core-group] Bootstrap broker localhost:29092 (id: -1 rack: null isFenced: false) disconnected
2026-02-21T09:49:37.376+05:30  INFO 49480 --- [service-core] [ntainer#0-0-C-1] org.apache.kafka.clients.Metadata        : [Consumer clientId=consumer-service-core-group-1, groupId=service-core-group] Rebootstrapping with [localhost/127.0.0.1:29092]
2026-02-21T09:49:37.428+05:30  INFO 49480 --- [service-core] [ntainer#0-0-C-1] org.apache.kafka.clients.Metadata        : [Consumer clientId=consumer-service-core-group-1, groupId=service-core-group] Rebootstrapping with [localhost/127.0.0.1:29092]
2026-02-21T09:49:38.270+05:30  INFO 49480 --- [service-core] [ntainer#0-0-C-1] org.apache.kafka.clients.Metadata        : [Consumer clientId=consumer-service-core-group-1, groupId=service-core-group] Rebootstrapping with [localhost/127.0.0.1:29092]
2026-02-21T09:49:38.322+05:30  INFO 49480 --- [service-core] [ntainer#0-0-C-1] org.apache.kafka.clients.Metadata        : [Consumer clientId=consumer-service-core-group-1, groupId=service-core-group] Rebootstrapping with [localhost/127.0.0.1:29092]
2026-02-21T09:49:39.328+05:30  INFO 49480 --- [service-core] [ntainer#0-0-C-1] org.apache.kafka.clients.NetworkClient   : [Consumer clientId=consumer-service-core-group-1, groupId=service-core-group] Node -1 disconnected.
2026-02-21T09:49:39.328+05:30  WARN 49480 --- [service-core] [ntainer#0-0-C-1] org.apache.kafka.clients.NetworkClient   : [Consumer clientId=consumer-service-core-group-1, groupId=service-core-group] Connection to node -1 (localhost/127.0.0.1:29092) could not be established. Node may not be available.
2026-02-21T09:49:39.329+05:30  WARN 49480 --- [service-core] [ntainer#0-0-C-1] org.apache.kafka.clients.NetworkClient   : [Consumer clientId=consumer-service-core-group-1, groupId=service-core-group] Bootstrap broker localhost:29092 (id: -1 rack: null isFenced: false) disconnected
2026-02-21T09:49:40.331+05:30  INFO 49480 --- [service-core] [ntainer#0-0-C-1] org.apache.kafka.clients.NetworkClient   : [Consumer clientId=consumer-service-core-group-1, groupId=service-core-group] Node -1 disconnected.
2026-02-21T09:49:40.331+05:30  WARN 49480 --- [service-core] [ntainer#0-0-C-1] org.apache.kafka.clients.NetworkClient   : [Consumer clientId=consumer-service-core-group-1, groupId=service-core-group] Connection to node -1 (localhost/127.0.0.1:29092) could not be established. Node may not be available.
2026-02-21T09:49:40.331+05:30  WARN 49480 --- [service-core] [ntainer#0-0-C-1] org.apache.kafka.clients.NetworkClient   : [Consumer clientId=consumer-service-core-group-1, groupId=service-core-group] Bootstrap broker localhost:29092 (id: -1 rack: null isFenced: false) disconnected
2026-02-21T09:49:41.232+05:30  INFO 49480 --- [service-core] [ntainer#0-0-C-1] org.apache.kafka.clients.Metadata        : [Consumer clientId=consumer-service-core-group-1, groupId=service-core-group] Rebootstrapping with [localhost/127.0.0.1:29092]
2026-02-21T09:49:41.286+05:30  INFO 49480 --- [service-core] [ntainer#0-0-C-1] org.apache.kafka.clients.NetworkClient   : [Consumer clientId=consumer-service-core-group-1, groupId=service-core-group] Node -1 disconnected.
2026-02-21T09:49:41.287+05:30  WARN 49480 --- [service-core] [ntainer#0-0-C-1] org.apache.kafka.clients.NetworkClient   : [Consumer clientId=consumer-service-core-group-1, groupId=service-core-group] Connection to node -1 (localhost/127.0.0.1:29092) could not be established. Node may not be available.
2026-02-21T09:49:41.287+05:30  WARN 49480 --- [service-core] [ntainer#0-0-C-1] org.apache.kafka.clients.NetworkClient   : [Consumer clientId=consumer-service-core-group-1, groupId=service-core-group] Bootstrap broker localhost:29092 (id: -1 rack: null isFenced: false) disconnected
2026-02-21T09:49:41.503+05:30  INFO 49480 --- [service-core] [ntainer#0-0-C-1] org.apache.kafka.clients.Metadata        : [Consumer clientId=consumer-service-core-group-1, groupId=service-core-group] Rebootstrapping with [localhost/127.0.0.1:29092]
2026-02-21T09:49:41.503+05:30  INFO 49480 --- [service-core] [ntainer#0-0-C-1] org.apache.kafka.clients.Metadata        : [Consumer clientId=consumer-service-core-group-1, groupId=service-core-group] Rebootstrapping with [localhost/127.0.0.1:29092]
2026-02-21T09:49:41.854+05:30  INFO 49480 --- [service-core] [ntainer#0-0-C-1] org.apache.kafka.clients.Metadata        : [Consumer clientId=consumer-service-core-group-1, groupId=service-core-group] Rebootstrapping with [localhost/127.0.0.1:29092]
2026-02-21T09:49:41.907+05:30  INFO 49480 --- [service-core] [ntainer#0-0-C-1] org.apache.kafka.clients.Metadata        : [Consumer clientId=consumer-service-core-group-1, groupId=service-core-group] Rebootstrapping with [localhost/127.0.0.1:29092]
2026-02-21T09:49:42.826+05:30  INFO 49480 --- [service-core] [ntainer#0-0-C-1] org.apache.kafka.clients.NetworkClient   : [Consumer clientId=consumer-service-core-group-1, groupId=service-core-group] Node -1 disconnected.
2026-02-21T09:49:42.827+05:30  WARN 49480 --- [service-core] [ntainer#0-0-C-1] org.apache.kafka.clients.NetworkClient   : [Consumer clientId=consumer-service-core-group-1, groupId=service-core-group] Connection to node -1 (localhost/127.0.0.1:29092) could not be established. Node may not be available.
2026-02-21T09:49:42.827+05:30  WARN 49480 --- [service-core] [ntainer#0-0-C-1] org.apache.kafka.clients.NetworkClient   : [Consumer clientId=consumer-service-core-group-1, groupId=service-core-group] Bootstrap broker localhost:29092 (id: -1 rack: null isFenced: false) disconnected
2026-02-21T09:49:43.712+05:30  INFO 49480 --- [service-core] [ntainer#0-0-C-1] org.apache.kafka.clients.Metadata        : [Consumer clientId=consumer-service-core-group-1, groupId=service-core-group] Rebootstrapping with [localhost/127.0.0.1:29092]
2026-02-21T09:49:44.596+05:30  INFO 49480 --- [service-core] [ntainer#0-0-C-1] org.apache.kafka.clients.NetworkClient   : [Consumer clientId=consumer-service-core-group-1, groupId=service-core-group] Node -1 disconnected.
2026-02-21T09:49:44.597+05:30  WARN 49480 --- [service-core] [ntainer#0-0-C-1] org.apache.kafka.clients.NetworkClient   : [Consumer clientId=consumer-service-core-group-1, groupId=service-core-group] Connection to node -1 (localhost/127.0.0.1:29092) could not be established. Node may not be available.
2026-02-21T09:49:44.597+05:30  WARN 49480 --- [service-core] [ntainer#0-0-C-1] org.apache.kafka.clients.NetworkClient   : [Consumer clientId=consumer-service-core-group-1, groupId=service-core-group] Bootstrap broker localhost:29092 (id: -1 rack: null isFenced: false) disconnected
2026-02-21T09:49:45.573+05:30  INFO 49480 --- [service-core] [ntainer#0-0-C-1] org.apache.kafka.clients.Metadata        : [Consumer clientId=consumer-service-core-group-1, groupId=service-core-group] Rebootstrapping with [localhost/127.0.0.1:29092]
2026-02-21T09:49:45.627+05:30  INFO 49480 --- [service-core] [ntainer#0-0-C-1] org.apache.kafka.clients.NetworkClient   : [Consumer clientId=consumer-service-core-group-1, groupId=service-core-group] Node -1 disconnected.
2026-02-21T09:49:45.627+05:30  WARN 49480 --- [service-core] [ntainer#0-0-C-1] org.apache.kafka.clients.NetworkClient   : [Consumer clientId=consumer-service-core-group-1, groupId=service-core-group] Connection to node -1 (localhost/127.0.0.1:29092) could not be established. Node may not be available.
2026-02-21T09:49:45.627+05:30  WARN 49480 --- [service-core] [ntainer#0-0-C-1] org.apache.kafka.clients.NetworkClient   : [Consumer clientId=consumer-service-core-group-1, groupId=service-core-group] Bootstrap broker localhost:29092 (id: -1 rack: null isFenced: false) disconnected
2026-02-21T09:49:46.507+05:30  INFO 49480 --- [service-core] [ntainer#0-0-C-1] org.apache.kafka.clients.Metadata        : [Consumer clientId=consumer-service-core-group-1, groupId=service-core-group] Rebootstrapping with [localhost/127.0.0.1:29092]
2026-02-21T09:49:46.561+05:30  INFO 49480 --- [service-core] [ntainer#0-0-C-1] org.apache.kafka.clients.NetworkClient   : [Consumer clientId=consumer-service-core-group-1, groupId=service-core-group] Node -1 disconnected.
2026-02-21T09:49:46.561+05:30  WARN 49480 --- [service-core] [ntainer#0-0-C-1] org.apache.kafka.clients.NetworkClient   : [Consumer clientId=consumer-service-core-group-1, groupId=service-core-group] Connection to node -1 (localhost/127.0.0.1:29092) could not be established. Node may not be available.
2026-02-21T09:49:46.562+05:30  WARN 49480 --- [service-core] [ntainer#0-0-C-1] org.apache.kafka.clients.NetworkClient   : [Consumer clientId=consumer-service-core-group-1, groupId=service-core-group] Bootstrap broker localhost:29092 (id: -1 rack: null isFenced: false) disconnected
2026-02-21T09:49:46.961+05:30  INFO 49480 --- [service-core] [ntainer#0-0-C-1] org.apache.kafka.clients.Metadata        : [Consumer clientId=consumer-service-core-group-1, groupId=service-core-group] Rebootstrapping with [localhost/127.0.0.1:29092]
2026-02-21T09:49:46.962+05:30  INFO 49480 --- [service-core] [ntainer#0-0-C-1] org.apache.kafka.clients.Metadata        : [Consumer clientId=consumer-service-core-group-1, groupId=service-core-group] Rebootstrapping with [localhost/127.0.0.1:29092]
2026-02-21T09:49:47.794+05:30  INFO 49480 --- [service-core] [ntainer#0-0-C-1] org.apache.kafka.clients.NetworkClient   : [Consumer clientId=consumer-service-core-group-1, groupId=service-core-group] Node -1 disconnected.
2026-02-21T09:49:47.795+05:30  WARN 49480 --- [service-core] [ntainer#0-0-C-1] org.apache.kafka.clients.NetworkClient   : [Consumer clientId=consumer-service-core-group-1, groupId=service-core-group] Connection to node -1 (localhost/127.0.0.1:29092) could not be established. Node may not be available.
2026-02-21T09:49:47.795+05:30  WARN 49480 --- [service-core] [ntainer#0-0-C-1] org.apache.kafka.clients.NetworkClient   : [Consumer clientId=consumer-service-core-group-1, groupId=service-core-group] Bootstrap broker localhost:29092 (id: -1 rack: null isFenced: false) disconnected
2026-02-21T09:49:48.626+05:30  INFO 49480 --- [service-core] [ntainer#0-0-C-1] org.apache.kafka.clients.NetworkClient   : [Consumer clientId=consumer-service-core-group-1, groupId=service-core-group] Node -1 disconnected.
2026-02-21T09:49:48.626+05:30  WARN 49480 --- [service-core] [ntainer#0-0-C-1] org.apache.kafka.clients.NetworkClient   : [Consumer clientId=consumer-service-core-group-1, groupId=service-core-group] Connection to node -1 (localhost/127.0.0.1:29092) could not be established. Node may not be available.
2026-02-21T09:49:48.626+05:30  WARN 49480 --- [service-core] [ntainer#0-0-C-1] org.apache.kafka.clients.NetworkClient   : [Consumer clientId=consumer-service-core-group-1, groupId=service-core-group] Bootstrap broker localhost:29092 (id: -1 rack: null isFenced: false) disconnected
2026-02-21T09:49:48.731+05:30  INFO 49480 --- [service-core] [ntainer#0-0-C-1] org.apache.kafka.clients.Metadata        : [Consumer clientId=consumer-service-core-group-1, groupId=service-core-group] Rebootstrapping with [localhost/127.0.0.1:29092]
2026-02-21T09:49:48.783+05:30  INFO 49480 --- [service-core] [ntainer#0-0-C-1] org.apache.kafka.clients.Metadata        : [Consumer clientId=consumer-service-core-group-1, groupId=service-core-group] Rebootstrapping with [localhost/127.0.0.1:29092]
2026-02-21T09:49:49.740+05:30  INFO 49480 --- [service-core] [ntainer#0-0-C-1] org.apache.kafka.clients.NetworkClient   : [Consumer clientId=consumer-service-core-group-1, groupId=service-core-group] Node -1 disconnected.
2026-02-21T09:49:49.740+05:30  WARN 49480 --- [service-core] [ntainer#0-0-C-1] org.apache.kafka.clients.NetworkClient   : [Consumer clientId=consumer-service-core-group-1, groupId=service-core-group] Connection to node -1 (localhost/127.0.0.1:29092) could not be established. Node may not be available.
2026-02-21T09:49:49.740+05:30  WARN 49480 --- [service-core] [ntainer#0-0-C-1] org.apache.kafka.clients.NetworkClient   : [Consumer clientId=consumer-service-core-group-1, groupId=service-core-group] Bootstrap broker localhost:29092 (id: -1 rack: null isFenced: false) disconnected
2026-02-21T09:49:50.741+05:30  INFO 49480 --- [service-core] [ntainer#0-0-C-1] org.apache.kafka.clients.NetworkClient   : [Consumer clientId=consumer-service-core-group-1, groupId=service-core-group] Node -1 disconnected.
2026-02-21T09:49:50.742+05:30  WARN 49480 --- [service-core] [ntainer#0-0-C-1] org.apache.kafka.clients.NetworkClient   : [Consumer clientId=consumer-service-core-group-1, groupId=service-core-group] Connection to node -1 (localhost/127.0.0.1:29092) could not be established. Node may not be available.
2026-02-21T09:49:50.742+05:30  WARN 49480 --- [service-core] [ntainer#0-0-C-1] org.apache.kafka.clients.NetworkClient   : [Consumer clientId=consumer-service-core-group-1, groupId=service-core-group] Bootstrap broker localhost:29092 (id: -1 rack: null isFenced: false) disconnected
2026-02-21T09:49:51.685+05:30  INFO 49480 --- [service-core] [ntainer#0-0-C-1] org.apache.kafka.clients.NetworkClient   : [Consumer clientId=consumer-service-core-group-1, groupId=service-core-group] Node -1 disconnected.
2026-02-21T09:49:51.686+05:30  WARN 49480 --- [service-core] [ntainer#0-0-C-1] org.apache.kafka.clients.NetworkClient   : [Consumer clientId=consumer-service-core-group-1, groupId=service-core-group] Connection to node -1 (localhost/127.0.0.1:29092) could not be established. Node may not be available.
2026-02-21T09:49:51.686+05:30  WARN 49480 --- [service-core] [ntainer#0-0-C-1] org.apache.kafka.clients.NetworkClient   : [Consumer clientId=consumer-service-core-group-1, groupId=service-core-group] Bootstrap broker localhost:29092 (id: -1 rack: null isFenced: false) disconnected
2026-02-21T09:49:52.687+05:30  INFO 49480 --- [service-core] [ntainer#0-0-C-1] org.apache.kafka.clients.NetworkClient   : [Consumer clientId=consumer-service-core-group-1, groupId=service-core-group] Node -1 disconnected.
2026-02-21T09:49:52.688+05:30  WARN 49480 --- [service-core] [ntainer#0-0-C-1] org.apache.kafka.clients.NetworkClient   : [Consumer clientId=consumer-service-core-group-1, groupId=service-core-group] Connection to node -1 (localhost/127.0.0.1:29092) could not be established. Node may not be available.
2026-02-21T09:49:52.688+05:30  WARN 49480 --- [service-core] [ntainer#0-0-C-1] org.apache.kafka.clients.NetworkClient   : [Consumer clientId=consumer-service-core-group-1, groupId=service-core-group] Bootstrap broker localhost:29092 (id: -1 rack: null isFenced: false) disconnected
2026-02-21T09:49:53.515+05:30  INFO 49480 --- [service-core] [ntainer#0-0-C-1] org.apache.kafka.clients.NetworkClient   : [Consumer clientId=consumer-service-core-group-1, groupId=service-core-group] Node -1 disconnected.
2026-02-21T09:49:53.516+05:30  WARN 49480 --- [service-core] [ntainer#0-0-C-1] org.apache.kafka.clients.NetworkClient   : [Consumer clientId=consumer-service-core-group-1, groupId=service-core-group] Connection to node -1 (localhost/127.0.0.1:29092) could not be established. Node may not be available.
2026-02-21T09:49:53.517+05:30  WARN 49480 --- [service-core] [ntainer#0-0-C-1] org.apache.kafka.clients.NetworkClient   : [Consumer clientId=consumer-service-core-group-1, groupId=service-core-group] Bootstrap broker localhost:29092 (id: -1 rack: null isFenced: false) disconnected
2026-02-21T09:49:53.517+05:30  INFO 49480 --- [service-core] [ntainer#0-0-C-1] org.apache.kafka.clients.Metadata        : [Consumer clientId=consumer-service-core-group-1, groupId=service-core-group] Rebootstrapping with [localhost/127.0.0.1:29092]
2026-02-21T09:49:53.569+05:30  INFO 49480 --- [service-core] [ntainer#0-0-C-1] org.apache.kafka.clients.Metadata        : [Consumer clientId=consumer-service-core-group-1, groupId=service-core-group] Rebootstrapping with [localhost/127.0.0.1:29092]
2026-02-21T09:49:53.753+05:30  INFO 49480 --- [service-core] [ntainer#0-0-C-1] org.apache.kafka.clients.Metadata        : [Consumer clientId=consumer-service-core-group-1, groupId=service-core-group] Rebootstrapping with [localhost/127.0.0.1:29092]
2026-02-21T09:49:53.806+05:30  INFO 49480 --- [service-core] [ntainer#0-0-C-1] org.apache.kafka.clients.Metadata        : [Consumer clientId=consumer-service-core-group-1, groupId=service-core-group] Rebootstrapping with [localhost/127.0.0.1:29092]
2026-02-21T09:49:54.181+05:30  INFO 49480 --- [service-core] [ntainer#0-0-C-1] org.apache.kafka.clients.Metadata        : [Consumer clientId=consumer-service-core-group-1, groupId=service-core-group] Rebootstrapping with [localhost/127.0.0.1:29092]
2026-02-21T09:49:54.232+05:30  INFO 49480 --- [service-core] [ntainer#0-0-C-1] org.apache.kafka.clients.Metadata        : [Consumer clientId=consumer-service-core-group-1, groupId=service-core-group] Rebootstrapping with [localhost/127.0.0.1:29092]
2026-02-21T09:49:55.191+05:30  INFO 49480 --- [service-core] [ntainer#0-0-C-1] org.apache.kafka.clients.NetworkClient   : [Consumer clientId=consumer-service-core-group-1, groupId=service-core-group] Node -1 disconnected.
2026-02-21T09:49:55.192+05:30  WARN 49480 --- [service-core] [ntainer#0-0-C-1] org.apache.kafka.clients.NetworkClient   : [Consumer clientId=consumer-service-core-group-1, groupId=service-core-group] Connection to node -1 (localhost/127.0.0.1:29092) could not be established. Node may not be available.
2026-02-21T09:49:55.192+05:30  WARN 49480 --- [service-core] [ntainer#0-0-C-1] org.apache.kafka.clients.NetworkClient   : [Consumer clientId=consumer-service-core-group-1, groupId=service-core-group] Bootstrap broker localhost:29092 (id: -1 rack: null isFenced: false) disconnected
2026-02-21T09:49:56.170+05:30  INFO 49480 --- [service-core] [ntainer#0-0-C-1] org.apache.kafka.clients.Metadata        : [Consumer clientId=consumer-service-core-group-1, groupId=service-core-group] Rebootstrapping with [localhost/127.0.0.1:29092]
2026-02-21T09:49:56.222+05:30  INFO 49480 --- [service-core] [ntainer#0-0-C-1] org.apache.kafka.clients.NetworkClient   : [Consumer clientId=consumer-service-core-group-1, groupId=service-core-group] Node -1 disconnected.
2026-02-21T09:49:56.222+05:30  WARN 49480 --- [service-core] [ntainer#0-0-C-1] org.apache.kafka.clients.NetworkClient   : [Consumer clientId=consumer-service-core-group-1, groupId=service-core-group] Connection to node -1 (localhost/127.0.0.1:29092) could not be established. Node may not be available.
2026-02-21T09:49:56.222+05:30  WARN 49480 --- [service-core] [ntainer#0-0-C-1] org.apache.kafka.clients.NetworkClient   : [Consumer clientId=consumer-service-core-group-1, groupId=service-core-group] Bootstrap broker localhost:29092 (id: -1 rack: null isFenced: false) disconnected
2026-02-21T09:49:57.057+05:30  INFO 49480 --- [service-core] [ntainer#0-0-C-1] org.apache.kafka.clients.NetworkClient   : [Consumer clientId=consumer-service-core-group-1, groupId=service-core-group] Node -1 disconnected.
2026-02-21T09:49:57.058+05:30  WARN 49480 --- [service-core] [ntainer#0-0-C-1] org.apache.kafka.clients.NetworkClient   : [Consumer clientId=consumer-service-core-group-1, groupId=service-core-group] Connection to node -1 (localhost/127.0.0.1:29092) could not be established. Node may not be available.
2026-02-21T09:49:57.058+05:30  WARN 49480 --- [service-core] [ntainer#0-0-C-1] org.apache.kafka.clients.NetworkClient   : [Consumer clientId=consumer-service-core-group-1, groupId=service-core-group] Bootstrap broker localhost:29092 (id: -1 rack: null isFenced: false) disconnected
2026-02-21T09:49:57.223+05:30  INFO 49480 --- [service-core] [ntainer#0-0-C-1] org.apache.kafka.clients.Metadata        : [Consumer clientId=consumer-service-core-group-1, groupId=service-core-group] Rebootstrapping with [localhost/127.0.0.1:29092]
2026-02-21T09:49:57.274+05:30  INFO 49480 --- [service-core] [ntainer#0-0-C-1] org.apache.kafka.clients.Metadata        : [Consumer clientId=consumer-service-core-group-1, groupId=service-core-group] Rebootstrapping with [localhost/127.0.0.1:29092]
2026-02-21T09:49:57.732+05:30  INFO 49480 --- [service-core] [ntainer#0-0-C-1] org.apache.kafka.clients.Metadata        : [Consumer clientId=consumer-service-core-group-1, groupId=service-core-group] Rebootstrapping with [localhost/127.0.0.1:29092]
2026-02-21T09:49:57.784+05:30  INFO 49480 --- [service-core] [ntainer#0-0-C-1] org.apache.kafka.clients.Metadata        : [Consumer clientId=consumer-service-core-group-1, groupId=service-core-group] Rebootstrapping with [localhost/127.0.0.1:29092]
2026-02-21T09:49:58.473+05:30  INFO 49480 --- [service-core] [ntainer#0-0-C-1] org.apache.kafka.clients.NetworkClient   : [Consumer clientId=consumer-service-core-group-1, groupId=service-core-group] Node -1 disconnected.
2026-02-21T09:49:58.473+05:30  WARN 49480 --- [service-core] [ntainer#0-0-C-1] org.apache.kafka.clients.NetworkClient   : [Consumer clientId=consumer-service-core-group-1, groupId=service-core-group] Connection to node -1 (localhost/127.0.0.1:29092) could not be established. Node may not be available.
2026-02-21T09:49:58.474+05:30  WARN 49480 --- [service-core] [ntainer#0-0-C-1] org.apache.kafka.clients.NetworkClient   : [Consumer clientId=consumer-service-core-group-1, groupId=service-core-group] Bootstrap broker localhost:29092 (id: -1 rack: null isFenced: false) disconnected
2026-02-21T09:49:59.353+05:30  INFO 49480 --- [service-core] [ntainer#0-0-C-1] org.apache.kafka.clients.NetworkClient   : [Consumer clientId=consumer-service-core-group-1, groupId=service-core-group] Node -1 disconnected.
2026-02-21T09:49:59.354+05:30  WARN 49480 --- [service-core] [ntainer#0-0-C-1] org.apache.kafka.clients.NetworkClient   : [Consumer clientId=consumer-service-core-group-1, groupId=service-core-group] Connection to node -1 (localhost/127.0.0.1:29092) could not be established. Node may not be available.
2026-02-21T09:49:59.354+05:30  WARN 49480 --- [service-core] [ntainer#0-0-C-1] org.apache.kafka.clients.NetworkClient   : [Consumer clientId=consumer-service-core-group-1, groupId=service-core-group] Bootstrap broker localhost:29092 (id: -1 rack: null isFenced: false) disconnected
2026-02-21T09:49:59.406+05:30  INFO 49480 --- [service-core] [ntainer#0-0-C-1] org.apache.kafka.clients.Metadata        : [Consumer clientId=consumer-service-core-group-1, groupId=service-core-group] Rebootstrapping with [localhost/127.0.0.1:29092]
2026-02-21T09:49:59.459+05:30  INFO 49480 --- [service-core] [ntainer#0-0-C-1] org.apache.kafka.clients.Metadata        : [Consumer clientId=consumer-service-core-group-1, groupId=service-core-group] Rebootstrapping with [localhost/127.0.0.1:29092]
2026-02-21T09:50:00.361+05:30  INFO 49480 --- [service-core] [ntainer#0-0-C-1] org.apache.kafka.clients.NetworkClient   : [Consumer clientId=consumer-service-core-group-1, groupId=service-core-group] Node -1 disconnected.
2026-02-21T09:50:00.362+05:30  WARN 49480 --- [service-core] [ntainer#0-0-C-1] org.apache.kafka.clients.NetworkClient   : [Consumer clientId=consumer-service-core-group-1, groupId=service-core-group] Connection to node -1 (localhost/127.0.0.1:29092) could not be established. Node may not be available.
2026-02-21T09:50:00.362+05:30  WARN 49480 --- [service-core] [ntainer#0-0-C-1] org.apache.kafka.clients.NetworkClient   : [Consumer clientId=consumer-service-core-group-1, groupId=service-core-group] Bootstrap broker localhost:29092 (id: -1 rack: null isFenced: false) disconnected
2026-02-21T09:50:01.364+05:30  INFO 49480 --- [service-core] [ntainer#0-0-C-1] org.apache.kafka.clients.NetworkClient   : [Consumer clientId=consumer-service-core-group-1, groupId=service-core-group] Node -1 disconnected.
2026-02-21T09:50:01.364+05:30  WARN 49480 --- [service-core] [ntainer#0-0-C-1] org.apache.kafka.clients.NetworkClient   : [Consumer clientId=consumer-service-core-group-1, groupId=service-core-group] Connection to node -1 (localhost/127.0.0.1:29092) could not be established. Node may not be available.
2026-02-21T09:50:01.364+05:30  WARN 49480 --- [service-core] [ntainer#0-0-C-1] org.apache.kafka.clients.NetworkClient   : [Consumer clientId=consumer-service-core-group-1, groupId=service-core-group] Bootstrap broker localhost:29092 (id: -1 rack: null isFenced: false) disconnected
2026-02-21T09:50:02.240+05:30  INFO 49480 --- [service-core] [ntainer#0-0-C-1] org.apache.kafka.clients.Metadata        : [Consumer clientId=consumer-service-core-group-1, groupId=service-core-group] Rebootstrapping with [localhost/127.0.0.1:29092]
2026-02-21T09:50:02.527+05:30  INFO 49480 --- [service-core] [ntainer#0-0-C-1] org.apache.kafka.clients.NetworkClient   : [Consumer clientId=consumer-service-core-group-1, groupId=service-core-group] Node -1 disconnected.
2026-02-21T09:50:02.527+05:30  WARN 49480 --- [service-core] [ntainer#0-0-C-1] org.apache.kafka.clients.NetworkClient   : [Consumer clientId=consumer-service-core-group-1, groupId=service-core-group] Connection to node -1 (localhost/127.0.0.1:29092) could not be established. Node may not be available.
2026-02-21T09:50:02.527+05:30  WARN 49480 --- [service-core] [ntainer#0-0-C-1] org.apache.kafka.clients.NetworkClient   : [Consumer clientId=consumer-service-core-group-1, groupId=service-core-group] Bootstrap broker localhost:29092 (id: -1 rack: null isFenced: false) disconnected
2026-02-21T09:50:03.462+05:30  INFO 49480 --- [service-core] [ntainer#0-0-C-1] org.apache.kafka.clients.Metadata        : [Consumer clientId=consumer-service-core-group-1, groupId=service-core-group] Rebootstrapping with [localhost/127.0.0.1:29092]
2026-02-21T09:50:03.865+05:30  INFO 49480 --- [service-core] [ntainer#0-0-C-1] org.apache.kafka.clients.NetworkClient   : [Consumer clientId=consumer-service-core-group-1, groupId=service-core-group] Node -1 disconnected.
2026-02-21T09:50:03.866+05:30  WARN 49480 --- [service-core] [ntainer#0-0-C-1] org.apache.kafka.clients.NetworkClient   : [Consumer clientId=consumer-service-core-group-1, groupId=service-core-group] Connection to node -1 (localhost/127.0.0.1:29092) could not be established. Node may not be available.
2026-02-21T09:50:03.866+05:30  WARN 49480 --- [service-core] [ntainer#0-0-C-1] org.apache.kafka.clients.NetworkClient   : [Consumer clientId=consumer-service-core-group-1, groupId=service-core-group] Bootstrap broker localhost:29092 (id: -1 rack: null isFenced: false) disconnected
2026-02-21T09:50:04.799+05:30  INFO 49480 --- [service-core] [ntainer#0-0-C-1] org.apache.kafka.clients.NetworkClient   : [Consumer clientId=consumer-service-core-group-1, groupId=service-core-group] Node -1 disconnected.
2026-02-21T09:50:04.800+05:30  WARN 49480 --- [service-core] [ntainer#0-0-C-1] org.apache.kafka.clients.NetworkClient   : [Consumer clientId=consumer-service-core-group-1, groupId=service-core-group] Connection to node -1 (localhost/127.0.0.1:29092) could not be established. Node may not be available.
2026-02-21T09:50:04.800+05:30  WARN 49480 --- [service-core] [ntainer#0-0-C-1] org.apache.kafka.clients.NetworkClient   : [Consumer clientId=consumer-service-core-group-1, groupId=service-core-group] Bootstrap broker localhost:29092 (id: -1 rack: null isFenced: false) disconnected
2026-02-21T09:50:05.802+05:30  INFO 49480 --- [service-core] [ntainer#0-0-C-1] org.apache.kafka.clients.NetworkClient   : [Consumer clientId=consumer-service-core-group-1, groupId=service-core-group] Node -1 disconnected.
2026-02-21T09:50:05.803+05:30  WARN 49480 --- [service-core] [ntainer#0-0-C-1] org.apache.kafka.clients.NetworkClient   : [Consumer clientId=consumer-service-core-group-1, groupId=service-core-group] Connection to node -1 (localhost/127.0.0.1:29092) could not be established. Node may not be available.
2026-02-21T09:50:05.803+05:30  WARN 49480 --- [service-core] [ntainer#0-0-C-1] org.apache.kafka.clients.NetworkClient   : [Consumer clientId=consumer-service-core-group-1, groupId=service-core-group] Bootstrap broker localhost:29092 (id: -1 rack: null isFenced: false) disconnected
2026-02-21T09:50:06.738+05:30  INFO 49480 --- [service-core] [ntainer#0-0-C-1] org.apache.kafka.clients.Metadata        : [Consumer clientId=consumer-service-core-group-1, groupId=service-core-group] Rebootstrapping with [localhost/127.0.0.1:29092]
2026-02-21T09:50:06.791+05:30  INFO 49480 --- [service-core] [ntainer#0-0-C-1] org.apache.kafka.clients.Metadata        : [Consumer clientId=consumer-service-core-group-1, groupId=service-core-group] Rebootstrapping with [localhost/127.0.0.1:29092]
2026-02-21T09:50:06.996+05:30  INFO 49480 --- [service-core] [ntainer#0-0-C-1] org.apache.kafka.clients.NetworkClient   : [Consumer clientId=consumer-service-core-group-1, groupId=service-core-group] Node -1 disconnected.
2026-02-21T09:50:06.996+05:30  WARN 49480 --- [service-core] [ntainer#0-0-C-1] org.apache.kafka.clients.NetworkClient   : [Consumer clientId=consumer-service-core-group-1, groupId=service-core-group] Connection to node -1 (localhost/127.0.0.1:29092) could not be established. Node may not be available.
2026-02-21T09:50:06.996+05:30  WARN 49480 --- [service-core] [ntainer#0-0-C-1] org.apache.kafka.clients.NetworkClient   : [Consumer clientId=consumer-service-core-group-1, groupId=service-core-group] Bootstrap broker localhost:29092 (id: -1 rack: null isFenced: false) disconnected
2026-02-21T09:50:07.976+05:30  INFO 49480 --- [service-core] [ntainer#0-0-C-1] org.apache.kafka.clients.NetworkClient   : [Consumer clientId=consumer-service-core-group-1, groupId=service-core-group] Node -1 disconnected.
2026-02-21T09:50:07.976+05:30  WARN 49480 --- [service-core] [ntainer#0-0-C-1] org.apache.kafka.clients.NetworkClient   : [Consumer clientId=consumer-service-core-group-1, groupId=service-core-group] Connection to node -1 (localhost/127.0.0.1:29092) could not be established. Node may not be available.
2026-02-21T09:50:07.976+05:30  WARN 49480 --- [service-core] [ntainer#0-0-C-1] org.apache.kafka.clients.NetworkClient   : [Consumer clientId=consumer-service-core-group-1, groupId=service-core-group] Bootstrap broker localhost:29092 (id: -1 rack: null isFenced: false) disconnected
2026-02-21T09:50:07.998+05:30  INFO 49480 --- [service-core] [ntainer#0-0-C-1] org.apache.kafka.clients.Metadata        : [Consumer clientId=consumer-service-core-group-1, groupId=service-core-group] Rebootstrapping with [localhost/127.0.0.1:29092]
2026-02-21T09:50:08.049+05:30  INFO 49480 --- [service-core] [ntainer#0-0-C-1] org.apache.kafka.clients.Metadata        : [Consumer clientId=consumer-service-core-group-1, groupId=service-core-group] Rebootstrapping with [localhost/127.0.0.1:29092]
2026-02-21T09:50:08.455+05:30  INFO 49480 --- [service-core] [ntainer#0-0-C-1] org.apache.kafka.clients.Metadata        : [Consumer clientId=consumer-service-core-group-1, groupId=service-core-group] Rebootstrapping with [localhost/127.0.0.1:29092]
2026-02-21T09:50:08.507+05:30  INFO 49480 --- [service-core] [ntainer#0-0-C-1] org.apache.kafka.clients.Metadata        : [Consumer clientId=consumer-service-core-group-1, groupId=service-core-group] Rebootstrapping with [localhost/127.0.0.1:29092]
2026-02-21T09:50:09.299+05:30  INFO 49480 --- [service-core] [ntainer#0-0-C-1] org.apache.kafka.clients.NetworkClient   : [Consumer clientId=consumer-service-core-group-1, groupId=service-core-group] Node -1 disconnected.
2026-02-21T09:50:09.299+05:30  WARN 49480 --- [service-core] [ntainer#0-0-C-1] org.apache.kafka.clients.NetworkClient   : [Consumer clientId=consumer-service-core-group-1, groupId=service-core-group] Connection to node -1 (localhost/127.0.0.1:29092) could not be established. Node may not be available.
2026-02-21T09:50:09.299+05:30  WARN 49480 --- [service-core] [ntainer#0-0-C-1] org.apache.kafka.clients.NetworkClient   : [Consumer clientId=consumer-service-core-group-1, groupId=service-core-group] Bootstrap broker localhost:29092 (id: -1 rack: null isFenced: false) disconnected
2026-02-21T09:50:10.226+05:30  INFO 49480 --- [service-core] [ntainer#0-0-C-1] org.apache.kafka.clients.Metadata        : [Consumer clientId=consumer-service-core-group-1, groupId=service-core-group] Rebootstrapping with [localhost/127.0.0.1:29092]
2026-02-21T09:50:10.418+05:30  INFO 49480 --- [service-core] [ntainer#0-0-C-1] org.apache.kafka.clients.NetworkClient   : [Consumer clientId=consumer-service-core-group-1, groupId=service-core-group] Node -1 disconnected.
2026-02-21T09:50:10.419+05:30  WARN 49480 --- [service-core] [ntainer#0-0-C-1] org.apache.kafka.clients.NetworkClient   : [Consumer clientId=consumer-service-core-group-1, groupId=service-core-group] Connection to node -1 (localhost/127.0.0.1:29092) could not be established. Node may not be available.
2026-02-21T09:50:10.419+05:30  WARN 49480 --- [service-core] [ntainer#0-0-C-1] org.apache.kafka.clients.NetworkClient   : [Consumer clientId=consumer-service-core-group-1, groupId=service-core-group] Bootstrap broker localhost:29092 (id: -1 rack: null isFenced: false) disconnected
2026-02-21T09:50:11.327+05:30  INFO 49480 --- [service-core] [ntainer#0-0-C-1] org.apache.kafka.clients.NetworkClient   : [Consumer clientId=consumer-service-core-group-1, groupId=service-core-group] Node -1 disconnected.
2026-02-21T09:50:11.328+05:30  WARN 49480 --- [service-core] [ntainer#0-0-C-1] org.apache.kafka.clients.NetworkClient   : [Consumer clientId=consumer-service-core-group-1, groupId=service-core-group] Connection to node -1 (localhost/127.0.0.1:29092) could not be established. Node may not be available.
2026-02-21T09:50:11.328+05:30  WARN 49480 --- [service-core] [ntainer#0-0-C-1] org.apache.kafka.clients.NetworkClient   : [Consumer clientId=consumer-service-core-group-1, groupId=service-core-group] Bootstrap broker localhost:29092 (id: -1 rack: null isFenced: false) disconnected
2026-02-21T09:50:11.421+05:30  INFO 49480 --- [service-core] [ntainer#0-0-C-1] org.apache.kafka.clients.Metadata        : [Consumer clientId=consumer-service-core-group-1, groupId=service-core-group] Rebootstrapping with [localhost/127.0.0.1:29092]
2026-02-21T09:50:11.472+05:30  INFO 49480 --- [service-core] [ntainer#0-0-C-1] org.apache.kafka.clients.Metadata        : [Consumer clientId=consumer-service-core-group-1, groupId=service-core-group] Rebootstrapping with [localhost/127.0.0.1:29092]
2026-02-21T09:50:11.696+05:30  INFO 49480 --- [service-core] [ntainer#0-0-C-1] org.apache.kafka.clients.Metadata        : [Consumer clientId=consumer-service-core-group-1, groupId=service-core-group] Rebootstrapping with [localhost/127.0.0.1:29092]
2026-02-21T09:50:11.749+05:30  INFO 49480 --- [service-core] [ntainer#0-0-C-1] org.apache.kafka.clients.Metadata        : [Consumer clientId=consumer-service-core-group-1, groupId=service-core-group] Rebootstrapping with [localhost/127.0.0.1:29092]
2026-02-21T09:50:12.110+05:30  INFO 49480 --- [service-core] [ntainer#0-0-C-1] org.apache.kafka.clients.Metadata        : [Consumer clientId=consumer-service-core-group-1, groupId=service-core-group] Rebootstrapping with [localhost/127.0.0.1:29092]
2026-02-21T09:50:12.163+05:30  INFO 49480 --- [service-core] [ntainer#0-0-C-1] org.apache.kafka.clients.NetworkClient   : [Consumer clientId=consumer-service-core-group-1, groupId=service-core-group] Node -1 disconnected.
2026-02-21T09:50:12.163+05:30  WARN 49480 --- [service-core] [ntainer#0-0-C-1] org.apache.kafka.clients.NetworkClient   : [Consumer clientId=consumer-service-core-group-1, groupId=service-core-group] Connection to node -1 (localhost/127.0.0.1:29092) could not be established. Node may not be available.
2026-02-21T09:50:12.163+05:30  WARN 49480 --- [service-core] [ntainer#0-0-C-1] org.apache.kafka.clients.NetworkClient   : [Consumer clientId=consumer-service-core-group-1, groupId=service-core-group] Bootstrap broker localhost:29092 (id: -1 rack: null isFenced: false) disconnected
2026-02-21T09:50:13.115+05:30  INFO 49480 --- [service-core] [ntainer#0-0-C-1] org.apache.kafka.clients.Metadata        : [Consumer clientId=consumer-service-core-group-1, groupId=service-core-group] Rebootstrapping with [localhost/127.0.0.1:29092]
2026-02-21T09:50:13.169+05:30  INFO 49480 --- [service-core] [ntainer#0-0-C-1] org.apache.kafka.clients.NetworkClient   : [Consumer clientId=consumer-service-core-group-1, groupId=service-core-group] Node -1 disconnected.
2026-02-21T09:50:13.169+05:30  WARN 49480 --- [service-core] [ntainer#0-0-C-1] org.apache.kafka.clients.NetworkClient   : [Consumer clientId=consumer-service-core-group-1, groupId=service-core-group] Connection to node -1 (localhost/127.0.0.1:29092) could not be established. Node may not be available.
2026-02-21T09:50:13.169+05:30  WARN 49480 --- [service-core] [ntainer#0-0-C-1] org.apache.kafka.clients.NetworkClient   : [Consumer clientId=consumer-service-core-group-1, groupId=service-core-group] Bootstrap broker localhost:29092 (id: -1 rack: null isFenced: false) disconnected
2026-02-21T09:50:14.179+05:30  INFO 49480 --- [service-core] [ntainer#0-0-C-1] org.apache.kafka.clients.NetworkClient   : [Consumer clientId=consumer-service-core-group-1, groupId=service-core-group] Node -1 disconnected.
2026-02-21T09:50:14.180+05:30  WARN 49480 --- [service-core] [ntainer#0-0-C-1] org.apache.kafka.clients.NetworkClient   : [Consumer clientId=consumer-service-core-group-1, groupId=service-core-group] Connection to node -1 (localhost/127.0.0.1:29092) could not be established. Node may not be available.
2026-02-21T09:50:14.180+05:30  WARN 49480 --- [service-core] [ntainer#0-0-C-1] org.apache.kafka.clients.NetworkClient   : [Consumer clientId=consumer-service-core-group-1, groupId=service-core-group] Bootstrap broker localhost:29092 (id: -1 rack: null isFenced: false) disconnected
2026-02-21T09:50:15.072+05:30  INFO 49480 --- [service-core] [ntainer#0-0-C-1] org.apache.kafka.clients.Metadata        : [Consumer clientId=consumer-service-core-group-1, groupId=service-core-group] Rebootstrapping with [localhost/127.0.0.1:29092]
2026-02-21T09:50:15.125+05:30  INFO 49480 --- [service-core] [ntainer#0-0-C-1] org.apache.kafka.clients.Metadata        : [Consumer clientId=consumer-service-core-group-1, groupId=service-core-group] Rebootstrapping with [localhost/127.0.0.1:29092]
2026-02-21T09:50:15.425+05:30  INFO 49480 --- [service-core] [ntainer#0-0-C-1] org.apache.kafka.clients.NetworkClient   : [Consumer clientId=consumer-service-core-group-1, groupId=service-core-group] Node -1 disconnected.
2026-02-21T09:50:15.426+05:30  WARN 49480 --- [service-core] [ntainer#0-0-C-1] org.apache.kafka.clients.NetworkClient   : [Consumer clientId=consumer-service-core-group-1, groupId=service-core-group] Connection to node -1 (localhost/127.0.0.1:29092) could not be established. Node may not be available.
2026-02-21T09:50:15.426+05:30  WARN 49480 --- [service-core] [ntainer#0-0-C-1] org.apache.kafka.clients.NetworkClient   : [Consumer clientId=consumer-service-core-group-1, groupId=service-core-group] Bootstrap broker localhost:29092 (id: -1 rack: null isFenced: false) disconnected
2026-02-21T09:50:16.363+05:30  INFO 49480 --- [service-core] [ntainer#0-0-C-1] org.apache.kafka.clients.NetworkClient   : [Consumer clientId=consumer-service-core-group-1, groupId=service-core-group] Node -1 disconnected.
2026-02-21T09:50:16.364+05:30  WARN 49480 --- [service-core] [ntainer#0-0-C-1] org.apache.kafka.clients.NetworkClient   : [Consumer clientId=consumer-service-core-group-1, groupId=service-core-group] Connection to node -1 (localhost/127.0.0.1:29092) could not be established. Node may not be available.
2026-02-21T09:50:16.364+05:30  WARN 49480 --- [service-core] [ntainer#0-0-C-1] org.apache.kafka.clients.NetworkClient   : [Consumer clientId=consumer-service-core-group-1, groupId=service-core-group] Bootstrap broker localhost:29092 (id: -1 rack: null isFenced: false) disconnected
2026-02-21T09:50:16.415+05:30  INFO 49480 --- [service-core] [ntainer#0-0-C-1] org.apache.kafka.clients.Metadata        : [Consumer clientId=consumer-service-core-group-1, groupId=service-core-group] Rebootstrapping with [localhost/127.0.0.1:29092]
2026-02-21T09:50:16.468+05:30  INFO 49480 --- [service-core] [ntainer#0-0-C-1] org.apache.kafka.clients.Metadata        : [Consumer clientId=consumer-service-core-group-1, groupId=service-core-group] Rebootstrapping with [localhost/127.0.0.1:29092]
2026-02-21T09:50:16.694+05:30  INFO 49480 --- [service-core] [ntainer#0-0-C-1] org.apache.kafka.clients.Metadata        : [Consumer clientId=consumer-service-core-group-1, groupId=service-core-group] Rebootstrapping with [localhost/127.0.0.1:29092]
2026-02-21T09:50:16.746+05:30  INFO 49480 --- [service-core] [ntainer#0-0-C-1] org.apache.kafka.clients.Metadata        : [Consumer clientId=consumer-service-core-group-1, groupId=service-core-group] Rebootstrapping with [localhost/127.0.0.1:29092]
2026-02-21T09:50:17.223+05:30  INFO 49480 --- [service-core] [ntainer#0-0-C-1] org.apache.kafka.clients.Metadata        : [Consumer clientId=consumer-service-core-group-1, groupId=service-core-group] Rebootstrapping with [localhost/127.0.0.1:29092]
2026-02-21T09:50:17.276+05:30  INFO 49480 --- [service-core] [ntainer#0-0-C-1] org.apache.kafka.clients.Metadata        : [Consumer clientId=consumer-service-core-group-1, groupId=service-core-group] Rebootstrapping with [localhost/127.0.0.1:29092]
2026-02-21T09:50:18.214+05:30  INFO 49480 --- [service-core] [ntainer#0-0-C-1] org.apache.kafka.clients.NetworkClient   : [Consumer clientId=consumer-service-core-group-1, groupId=service-core-group] Node -1 disconnected.
2026-02-21T09:50:18.215+05:30  WARN 49480 --- [service-core] [ntainer#0-0-C-1] org.apache.kafka.clients.NetworkClient   : [Consumer clientId=consumer-service-core-group-1, groupId=service-core-group] Connection to node -1 (localhost/127.0.0.1:29092) could not be established. Node may not be available.
2026-02-21T09:50:18.215+05:30  WARN 49480 --- [service-core] [ntainer#0-0-C-1] org.apache.kafka.clients.NetworkClient   : [Consumer clientId=consumer-service-core-group-1, groupId=service-core-group] Bootstrap broker localhost:29092 (id: -1 rack: null isFenced: false) disconnected
2026-02-21T09:50:19.094+05:30  INFO 49480 --- [service-core] [ntainer#0-0-C-1] org.apache.kafka.clients.Metadata        : [Consumer clientId=consumer-service-core-group-1, groupId=service-core-group] Rebootstrapping with [localhost/127.0.0.1:29092]
2026-02-21T09:50:19.147+05:30  INFO 49480 --- [service-core] [ntainer#0-0-C-1] org.apache.kafka.clients.Metadata        : [Consumer clientId=consumer-service-core-group-1, groupId=service-core-group] Rebootstrapping with [localhost/127.0.0.1:29092]
2026-02-21T09:50:20.020+05:30  INFO 49480 --- [service-core] [ntainer#0-0-C-1] org.apache.kafka.clients.NetworkClient   : [Consumer clientId=consumer-service-core-group-1, groupId=service-core-group] Node -1 disconnected.
2026-02-21T09:50:20.020+05:30  WARN 49480 --- [service-core] [ntainer#0-0-C-1] org.apache.kafka.clients.NetworkClient   : [Consumer clientId=consumer-service-core-group-1, groupId=service-core-group] Connection to node -1 (localhost/127.0.0.1:29092) could not be established. Node may not be available.
2026-02-21T09:50:20.020+05:30  WARN 49480 --- [service-core] [ntainer#0-0-C-1] org.apache.kafka.clients.NetworkClient   : [Consumer clientId=consumer-service-core-group-1, groupId=service-core-group] Bootstrap broker localhost:29092 (id: -1 rack: null isFenced: false) disconnected
2026-02-21T09:50:20.872+05:30  INFO 49480 --- [service-core] [ntainer#0-0-C-1] org.apache.kafka.clients.Metadata        : [Consumer clientId=consumer-service-core-group-1, groupId=service-core-group] Rebootstrapping with [localhost/127.0.0.1:29092]
2026-02-21T09:50:21.100+05:30  INFO 49480 --- [service-core] [ntainer#0-0-C-1] org.apache.kafka.clients.NetworkClient   : [Consumer clientId=consumer-service-core-group-1, groupId=service-core-group] Node -1 disconnected.
2026-02-21T09:50:21.100+05:30  WARN 49480 --- [service-core] [ntainer#0-0-C-1] org.apache.kafka.clients.NetworkClient   : [Consumer clientId=consumer-service-core-group-1, groupId=service-core-group] Connection to node -1 (localhost/127.0.0.1:29092) could not be established. Node may not be available.
2026-02-21T09:50:21.100+05:30  WARN 49480 --- [service-core] [ntainer#0-0-C-1] org.apache.kafka.clients.NetworkClient   : [Consumer clientId=consumer-service-core-group-1, groupId=service-core-group] Bootstrap broker localhost:29092 (id: -1 rack: null isFenced: false) disconnected
2026-02-21T09:50:22.081+05:30  INFO 49480 --- [service-core] [ntainer#0-0-C-1] org.apache.kafka.clients.Metadata        : [Consumer clientId=consumer-service-core-group-1, groupId=service-core-group] Rebootstrapping with [localhost/127.0.0.1:29092]
2026-02-21T09:50:22.133+05:30  INFO 49480 --- [service-core] [ntainer#0-0-C-1] org.apache.kafka.clients.NetworkClient   : [Consumer clientId=consumer-service-core-group-1, groupId=service-core-group] Node -1 disconnected.
2026-02-21T09:50:22.133+05:30  WARN 49480 --- [service-core] [ntainer#0-0-C-1] org.apache.kafka.clients.NetworkClient   : [Consumer clientId=consumer-service-core-group-1, groupId=service-core-group] Connection to node -1 (localhost/127.0.0.1:29092) could not be established. Node may not be available.
2026-02-21T09:50:22.133+05:30  WARN 49480 --- [service-core] [ntainer#0-0-C-1] org.apache.kafka.clients.NetworkClient   : [Consumer clientId=consumer-service-core-group-1, groupId=service-core-group] Bootstrap broker localhost:29092 (id: -1 rack: null isFenced: false) disconnected
2026-02-21T09:50:23.018+05:30  INFO 49480 --- [service-core] [ntainer#0-0-C-1] org.apache.kafka.clients.Metadata        : [Consumer clientId=consumer-service-core-group-1, groupId=service-core-group] Rebootstrapping with [localhost/127.0.0.1:29092]
2026-02-21T09:50:23.736+05:30  INFO 49480 --- [service-core] [ntainer#0-0-C-1] org.apache.kafka.clients.NetworkClient   : [Consumer clientId=consumer-service-core-group-1, groupId=service-core-group] Node -1 disconnected.
2026-02-21T09:50:23.736+05:30  WARN 49480 --- [service-core] [ntainer#0-0-C-1] org.apache.kafka.clients.NetworkClient   : [Consumer clientId=consumer-service-core-group-1, groupId=service-core-group] Connection to node -1 (localhost/127.0.0.1:29092) could not be established. Node may not be available.
2026-02-21T09:50:23.737+05:30  WARN 49480 --- [service-core] [ntainer#0-0-C-1] org.apache.kafka.clients.NetworkClient   : [Consumer clientId=consumer-service-core-group-1, groupId=service-core-group] Bootstrap broker localhost:29092 (id: -1 rack: null isFenced: false) disconnected
2026-02-21T09:50:24.737+05:30  INFO 49480 --- [service-core] [ntainer#0-0-C-1] org.apache.kafka.clients.NetworkClient   : [Consumer clientId=consumer-service-core-group-1, groupId=service-core-group] Node -1 disconnected.
2026-02-21T09:50:24.738+05:30  WARN 49480 --- [service-core] [ntainer#0-0-C-1] org.apache.kafka.clients.NetworkClient   : [Consumer clientId=consumer-service-core-group-1, groupId=service-core-group] Connection to node -1 (localhost/127.0.0.1:29092) could not be established. Node may not be available.
2026-02-21T09:50:24.738+05:30  WARN 49480 --- [service-core] [ntainer#0-0-C-1] org.apache.kafka.clients.NetworkClient   : [Consumer clientId=consumer-service-core-group-1, groupId=service-core-group] Bootstrap broker localhost:29092 (id: -1 rack: null isFenced: false) disconnected
2026-02-21T09:50:25.740+05:30  INFO 49480 --- [service-core] [ntainer#0-0-C-1] org.apache.kafka.clients.NetworkClient   : [Consumer clientId=consumer-service-core-group-1, groupId=service-core-group] Node -1 disconnected.
2026-02-21T09:50:25.740+05:30  WARN 49480 --- [service-core] [ntainer#0-0-C-1] org.apache.kafka.clients.NetworkClient   : [Consumer clientId=consumer-service-core-group-1, groupId=service-core-group] Connection to node -1 (localhost/127.0.0.1:29092) could not be established. Node may not be available.
2026-02-21T09:50:25.741+05:30  WARN 49480 --- [service-core] [ntainer#0-0-C-1] org.apache.kafka.clients.NetworkClient   : [Consumer clientId=consumer-service-core-group-1, groupId=service-core-group] Bootstrap broker localhost:29092 (id: -1 rack: null isFenced: false) disconnected
2026-02-21T09:50:26.668+05:30  INFO 49480 --- [service-core] [ntainer#0-0-C-1] org.apache.kafka.clients.Metadata        : [Consumer clientId=consumer-service-core-group-1, groupId=service-core-group] Rebootstrapping with [localhost/127.0.0.1:29092]
2026-02-21T09:50:26.891+05:30  INFO 49480 --- [service-core] [ntainer#0-0-C-1] org.apache.kafka.clients.NetworkClient   : [Consumer clientId=consumer-service-core-group-1, groupId=service-core-group] Node -1 disconnected.
2026-02-21T09:50:26.891+05:30  WARN 49480 --- [service-core] [ntainer#0-0-C-1] org.apache.kafka.clients.NetworkClient   : [Consumer clientId=consumer-service-core-group-1, groupId=service-core-group] Connection to node -1 (localhost/127.0.0.1:29092) could not be established. Node may not be available.
2026-02-21T09:50:26.891+05:30  WARN 49480 --- [service-core] [ntainer#0-0-C-1] org.apache.kafka.clients.NetworkClient   : [Consumer clientId=consumer-service-core-group-1, groupId=service-core-group] Bootstrap broker localhost:29092 (id: -1 rack: null isFenced: false) disconnected
2026-02-21T09:50:27.720+05:30  INFO 49480 --- [service-core] [ntainer#0-0-C-1] org.apache.kafka.clients.NetworkClient   : [Consumer clientId=consumer-service-core-group-1, groupId=service-core-group] Node -1 disconnected.
2026-02-21T09:50:27.721+05:30  WARN 49480 --- [service-core] [ntainer#0-0-C-1] org.apache.kafka.clients.NetworkClient   : [Consumer clientId=consumer-service-core-group-1, groupId=service-core-group] Connection to node -1 (localhost/127.0.0.1:29092) could not be established. Node may not be available.
2026-02-21T09:50:27.721+05:30  WARN 49480 --- [service-core] [ntainer#0-0-C-1] org.apache.kafka.clients.NetworkClient   : [Consumer clientId=consumer-service-core-group-1, groupId=service-core-group] Bootstrap broker localhost:29092 (id: -1 rack: null isFenced: false) disconnected
2026-02-21T09:50:27.874+05:30  INFO 49480 --- [service-core] [ntainer#0-0-C-1] org.apache.kafka.clients.Metadata        : [Consumer clientId=consumer-service-core-group-1, groupId=service-core-group] Rebootstrapping with [localhost/127.0.0.1:29092]
2026-02-21T09:50:27.926+05:30  INFO 49480 --- [service-core] [ntainer#0-0-C-1] org.apache.kafka.clients.Metadata        : [Consumer clientId=consumer-service-core-group-1, groupId=service-core-group] Rebootstrapping with [localhost/127.0.0.1:29092]
2026-02-21T09:50:28.394+05:30  INFO 49480 --- [service-core] [ntainer#0-0-C-1] org.apache.kafka.clients.Metadata        : [Consumer clientId=consumer-service-core-group-1, groupId=service-core-group] Rebootstrapping with [localhost/127.0.0.1:29092]
2026-02-21T09:50:28.446+05:30  INFO 49480 --- [service-core] [ntainer#0-0-C-1] org.apache.kafka.clients.Metadata        : [Consumer clientId=consumer-service-core-group-1, groupId=service-core-group] Rebootstrapping with [localhost/127.0.0.1:29092]
2026-02-21T09:50:29.329+05:30  INFO 49480 --- [service-core] [ntainer#0-0-C-1] org.apache.kafka.clients.NetworkClient   : [Consumer clientId=consumer-service-core-group-1, groupId=service-core-group] Node -1 disconnected.
2026-02-21T09:50:29.330+05:30  WARN 49480 --- [service-core] [ntainer#0-0-C-1] org.apache.kafka.clients.NetworkClient   : [Consumer clientId=consumer-service-core-group-1, groupId=service-core-group] Connection to node -1 (localhost/127.0.0.1:29092) could not be established. Node may not be available.
2026-02-21T09:50:29.330+05:30  WARN 49480 --- [service-core] [ntainer#0-0-C-1] org.apache.kafka.clients.NetworkClient   : [Consumer clientId=consumer-service-core-group-1, groupId=service-core-group] Bootstrap broker localhost:29092 (id: -1 rack: null isFenced: false) disconnected
2026-02-21T09:50:30.210+05:30  INFO 49480 --- [service-core] [ntainer#0-0-C-1] org.apache.kafka.clients.NetworkClient   : [Consumer clientId=consumer-service-core-group-1, groupId=service-core-group] Node -1 disconnected.
2026-02-21T09:50:30.210+05:30  WARN 49480 --- [service-core] [ntainer#0-0-C-1] org.apache.kafka.clients.NetworkClient   : [Consumer clientId=consumer-service-core-group-1, groupId=service-core-group] Connection to node -1 (localhost/127.0.0.1:29092) could not be established. Node may not be available.
2026-02-21T09:50:30.211+05:30  WARN 49480 --- [service-core] [ntainer#0-0-C-1] org.apache.kafka.clients.NetworkClient   : [Consumer clientId=consumer-service-core-group-1, groupId=service-core-group] Bootstrap broker localhost:29092 (id: -1 rack: null isFenced: false) disconnected
2026-02-21T09:50:30.263+05:30  INFO 49480 --- [service-core] [ntainer#0-0-C-1] org.apache.kafka.clients.Metadata        : [Consumer clientId=consumer-service-core-group-1, groupId=service-core-group] Rebootstrapping with [localhost/127.0.0.1:29092]
2026-02-21T09:50:30.441+05:30  INFO 49480 --- [service-core] [ntainer#0-0-C-1] org.apache.kafka.clients.Metadata        : [Consumer clientId=consumer-service-core-group-1, groupId=service-core-group] Rebootstrapping with [localhost/127.0.0.1:29092]
2026-02-21T09:50:30.442+05:30  INFO 49480 --- [service-core] [ntainer#0-0-C-1] org.apache.kafka.clients.Metadata        : [Consumer clientId=consumer-service-core-group-1, groupId=service-core-group] Rebootstrapping with [localhost/127.0.0.1:29092]
2026-02-21T09:50:30.443+05:30  INFO 49480 --- [service-core] [ntainer#0-0-C-1] org.apache.kafka.clients.Metadata        : [Consumer clientId=consumer-service-core-group-1, groupId=service-core-group] Rebootstrapping with [localhost/127.0.0.1:29092]
2026-02-21T09:50:30.535+05:30  INFO 49480 --- [service-core] [ntainer#0-0-C-1] org.apache.kafka.clients.Metadata        : [Consumer clientId=consumer-service-core-group-1, groupId=service-core-group] Rebootstrapping with [localhost/127.0.0.1:29092]
2026-02-21T09:50:30.588+05:30  INFO 49480 --- [service-core] [ntainer#0-0-C-1] org.apache.kafka.clients.Metadata        : [Consumer clientId=consumer-service-core-group-1, groupId=service-core-group] Rebootstrapping with [localhost/127.0.0.1:29092]
2026-02-21T09:50:30.758+05:30  INFO 49480 --- [service-core] [ntainer#0-0-C-1] org.apache.kafka.clients.Metadata        : [Consumer clientId=consumer-service-core-group-1, groupId=service-core-group] Rebootstrapping with [localhost/127.0.0.1:29092]
2026-02-21T09:50:30.811+05:30  INFO 49480 --- [service-core] [ntainer#0-0-C-1] org.apache.kafka.clients.Metadata        : [Consumer clientId=consumer-service-core-group-1, groupId=service-core-group] Rebootstrapping with [localhost/127.0.0.1:29092]
2026-02-21T09:50:31.177+05:30  INFO 49480 --- [service-core] [ntainer#0-0-C-1] org.apache.kafka.clients.NetworkClient   : [Consumer clientId=consumer-service-core-group-1, groupId=service-core-group] Node -1 disconnected.
2026-02-21T09:50:31.178+05:30  WARN 49480 --- [service-core] [ntainer#0-0-C-1] org.apache.kafka.clients.NetworkClient   : [Consumer clientId=consumer-service-core-group-1, groupId=service-core-group] Connection to node -1 (localhost/127.0.0.1:29092) could not be established. Node may not be available.
2026-02-21T09:50:31.178+05:30  WARN 49480 --- [service-core] [ntainer#0-0-C-1] org.apache.kafka.clients.NetworkClient   : [Consumer clientId=consumer-service-core-group-1, groupId=service-core-group] Bootstrap broker localhost:29092 (id: -1 rack: null isFenced: false) disconnected
2026-02-21T09:50:32.155+05:30  INFO 49480 --- [service-core] [ntainer#0-0-C-1] org.apache.kafka.clients.Metadata        : [Consumer clientId=consumer-service-core-group-1, groupId=service-core-group] Rebootstrapping with [localhost/127.0.0.1:29092]
2026-02-21T09:50:32.207+05:30  INFO 49480 --- [service-core] [ntainer#0-0-C-1] org.apache.kafka.clients.NetworkClient   : [Consumer clientId=consumer-service-core-group-1, groupId=service-core-group] Node -1 disconnected.
2026-02-21T09:50:32.207+05:30  WARN 49480 --- [service-core] [ntainer#0-0-C-1] org.apache.kafka.clients.NetworkClient   : [Consumer clientId=consumer-service-core-group-1, groupId=service-core-group] Connection to node -1 (localhost/127.0.0.1:29092) could not be established. Node may not be available.
2026-02-21T09:50:32.207+05:30  WARN 49480 --- [service-core] [ntainer#0-0-C-1] org.apache.kafka.clients.NetworkClient   : [Consumer clientId=consumer-service-core-group-1, groupId=service-core-group] Bootstrap broker localhost:29092 (id: -1 rack: null isFenced: false) disconnected
2026-02-21T09:50:33.101+05:30  INFO 49480 --- [service-core] [ntainer#0-0-C-1] org.apache.kafka.clients.Metadata        : [Consumer clientId=consumer-service-core-group-1, groupId=service-core-group] Rebootstrapping with [localhost/127.0.0.1:29092]
2026-02-21T09:50:33.101+05:30  INFO 49480 --- [service-core] [ntainer#0-0-C-1] org.apache.kafka.clients.Metadata        : [Consumer clientId=consumer-service-core-group-1, groupId=service-core-group] Rebootstrapping with [localhost/127.0.0.1:29092]
2026-02-21T09:50:33.936+05:30  INFO 49480 --- [service-core] [ntainer#0-0-C-1] org.apache.kafka.clients.NetworkClient   : [Consumer clientId=consumer-service-core-group-1, groupId=service-core-group] Node -1 disconnected.
2026-02-21T09:50:33.937+05:30  WARN 49480 --- [service-core] [ntainer#0-0-C-1] org.apache.kafka.clients.NetworkClient   : [Consumer clientId=consumer-service-core-group-1, groupId=service-core-group] Connection to node -1 (localhost/127.0.0.1:29092) could not be established. Node may not be available.
2026-02-21T09:50:33.937+05:30  WARN 49480 --- [service-core] [ntainer#0-0-C-1] org.apache.kafka.clients.NetworkClient   : [Consumer clientId=consumer-service-core-group-1, groupId=service-core-group] Bootstrap broker localhost:29092 (id: -1 rack: null isFenced: false) disconnected
2026-02-21T09:50:34.782+05:30  INFO 49480 --- [service-core] [ntainer#0-0-C-1] org.apache.kafka.clients.Metadata        : [Consumer clientId=consumer-service-core-group-1, groupId=service-core-group] Rebootstrapping with [localhost/127.0.0.1:29092]
2026-02-21T09:50:35.454+05:30  INFO 49480 --- [service-core] [ntainer#0-0-C-1] org.apache.kafka.clients.NetworkClient   : [Consumer clientId=consumer-service-core-group-1, groupId=service-core-group] Node -1 disconnected.
2026-02-21T09:50:35.454+05:30  WARN 49480 --- [service-core] [ntainer#0-0-C-1] org.apache.kafka.clients.NetworkClient   : [Consumer clientId=consumer-service-core-group-1, groupId=service-core-group] Connection to node -1 (localhost/127.0.0.1:29092) could not be established. Node may not be available.
2026-02-21T09:50:35.454+05:30  WARN 49480 --- [service-core] [ntainer#0-0-C-1] org.apache.kafka.clients.NetworkClient   : [Consumer clientId=consumer-service-core-group-1, groupId=service-core-group] Bootstrap broker localhost:29092 (id: -1 rack: null isFenced: false) disconnected
2026-02-21T09:50:36.457+05:30  INFO 49480 --- [service-core] [ntainer#0-0-C-1] org.apache.kafka.clients.NetworkClient   : [Consumer clientId=consumer-service-core-group-1, groupId=service-core-group] Node -1 disconnected.
2026-02-21T09:50:36.458+05:30  WARN 49480 --- [service-core] [ntainer#0-0-C-1] org.apache.kafka.clients.NetworkClient   : [Consumer clientId=consumer-service-core-group-1, groupId=service-core-group] Connection to node -1 (localhost/127.0.0.1:29092) could not be established. Node may not be available.
2026-02-21T09:50:36.458+05:30  WARN 49480 --- [service-core] [ntainer#0-0-C-1] org.apache.kafka.clients.NetworkClient   : [Consumer clientId=consumer-service-core-group-1, groupId=service-core-group] Bootstrap broker localhost:29092 (id: -1 rack: null isFenced: false) disconnected
2026-02-21T09:50:37.386+05:30  INFO 49480 --- [service-core] [ntainer#0-0-C-1] org.apache.kafka.clients.NetworkClient   : [Consumer clientId=consumer-service-core-group-1, groupId=service-core-group] Node -1 disconnected.
2026-02-21T09:50:37.386+05:30  WARN 49480 --- [service-core] [ntainer#0-0-C-1] org.apache.kafka.clients.NetworkClient   : [Consumer clientId=consumer-service-core-group-1, groupId=service-core-group] Connection to node -1 (localhost/127.0.0.1:29092) could not be established. Node may not be available.
2026-02-21T09:50:37.387+05:30  WARN 49480 --- [service-core] [ntainer#0-0-C-1] org.apache.kafka.clients.NetworkClient   : [Consumer clientId=consumer-service-core-group-1, groupId=service-core-group] Bootstrap broker localhost:29092 (id: -1 rack: null isFenced: false) disconnected
2026-02-21T09:50:38.279+05:30  INFO 49480 --- [service-core] [ntainer#0-0-C-1] org.apache.kafka.clients.Metadata        : [Consumer clientId=consumer-service-core-group-1, groupId=service-core-group] Rebootstrapping with [localhost/127.0.0.1:29092]
2026-02-21T09:50:38.537+05:30  INFO 49480 --- [service-core] [ntainer#0-0-C-1] org.apache.kafka.clients.NetworkClient   : [Consumer clientId=consumer-service-core-group-1, groupId=service-core-group] Node -1 disconnected.
2026-02-21T09:50:38.537+05:30  WARN 49480 --- [service-core] [ntainer#0-0-C-1] org.apache.kafka.clients.NetworkClient   : [Consumer clientId=consumer-service-core-group-1, groupId=service-core-group] Connection to node -1 (localhost/127.0.0.1:29092) could not be established. Node may not be available.
2026-02-21T09:50:38.537+05:30  WARN 49480 --- [service-core] [ntainer#0-0-C-1] org.apache.kafka.clients.NetworkClient   : [Consumer clientId=consumer-service-core-group-1, groupId=service-core-group] Bootstrap broker localhost:29092 (id: -1 rack: null isFenced: false) disconnected
2026-02-21T09:50:39.415+05:30  INFO 49480 --- [service-core] [ntainer#0-0-C-1] org.apache.kafka.clients.Metadata        : [Consumer clientId=consumer-service-core-group-1, groupId=service-core-group] Rebootstrapping with [localhost/127.0.0.1:29092]
2026-02-21T09:50:39.858+05:30  INFO 49480 --- [service-core] [ntainer#0-0-C-1] org.apache.kafka.clients.NetworkClient   : [Consumer clientId=consumer-service-core-group-1, groupId=service-core-group] Node -1 disconnected.
2026-02-21T09:50:39.858+05:30  WARN 49480 --- [service-core] [ntainer#0-0-C-1] org.apache.kafka.clients.NetworkClient   : [Consumer clientId=consumer-service-core-group-1, groupId=service-core-group] Connection to node -1 (localhost/127.0.0.1:29092) could not be established. Node may not be available.
2026-02-21T09:50:39.858+05:30  WARN 49480 --- [service-core] [ntainer#0-0-C-1] org.apache.kafka.clients.NetworkClient   : [Consumer clientId=consumer-service-core-group-1, groupId=service-core-group] Bootstrap broker localhost:29092 (id: -1 rack: null isFenced: false) disconnected
2026-02-21T09:50:40.754+05:30  INFO 49480 --- [service-core] [ntainer#0-0-C-1] org.apache.kafka.clients.Metadata        : [Consumer clientId=consumer-service-core-group-1, groupId=service-core-group] Rebootstrapping with [localhost/127.0.0.1:29092]
2026-02-21T09:50:41.046+05:30  INFO 49480 --- [service-core] [ntainer#0-0-C-1] org.apache.kafka.clients.NetworkClient   : [Consumer clientId=consumer-service-core-group-1, groupId=service-core-group] Node -1 disconnected.
2026-02-21T09:50:41.046+05:30  WARN 49480 --- [service-core] [ntainer#0-0-C-1] org.apache.kafka.clients.NetworkClient   : [Consumer clientId=consumer-service-core-group-1, groupId=service-core-group] Connection to node -1 (localhost/127.0.0.1:29092) could not be established. Node may not be available.
2026-02-21T09:50:41.046+05:30  WARN 49480 --- [service-core] [ntainer#0-0-C-1] org.apache.kafka.clients.NetworkClient   : [Consumer clientId=consumer-service-core-group-1, groupId=service-core-group] Bootstrap broker localhost:29092 (id: -1 rack: null isFenced: false) disconnected
2026-02-21T09:50:42.023+05:30  INFO 49480 --- [service-core] [ntainer#0-0-C-1] org.apache.kafka.clients.Metadata        : [Consumer clientId=consumer-service-core-group-1, groupId=service-core-group] Rebootstrapping with [localhost/127.0.0.1:29092]
2026-02-21T09:50:42.075+05:30  INFO 49480 --- [service-core] [ntainer#0-0-C-1] org.apache.kafka.clients.NetworkClient   : [Consumer clientId=consumer-service-core-group-1, groupId=service-core-group] Node -1 disconnected.
2026-02-21T09:50:42.075+05:30  WARN 49480 --- [service-core] [ntainer#0-0-C-1] org.apache.kafka.clients.NetworkClient   : [Consumer clientId=consumer-service-core-group-1, groupId=service-core-group] Connection to node -1 (localhost/127.0.0.1:29092) could not be established. Node may not be available.
2026-02-21T09:50:42.075+05:30  WARN 49480 --- [service-core] [ntainer#0-0-C-1] org.apache.kafka.clients.NetworkClient   : [Consumer clientId=consumer-service-core-group-1, groupId=service-core-group] Bootstrap broker localhost:29092 (id: -1 rack: null isFenced: false) disconnected
2026-02-21T09:50:42.976+05:30  INFO 49480 --- [service-core] [ntainer#0-0-C-1] org.apache.kafka.clients.Metadata        : [Consumer clientId=consumer-service-core-group-1, groupId=service-core-group] Rebootstrapping with [localhost/127.0.0.1:29092]
2026-02-21T09:50:43.796+05:30  INFO 49480 --- [service-core] [ntainer#0-0-C-1] org.apache.kafka.clients.NetworkClient   : [Consumer clientId=consumer-service-core-group-1, groupId=service-core-group] Node -1 disconnected.
2026-02-21T09:50:43.797+05:30  WARN 49480 --- [service-core] [ntainer#0-0-C-1] org.apache.kafka.clients.NetworkClient   : [Consumer clientId=consumer-service-core-group-1, groupId=service-core-group] Connection to node -1 (localhost/127.0.0.1:29092) could not be established. Node may not be available.
2026-02-21T09:50:43.797+05:30  WARN 49480 --- [service-core] [ntainer#0-0-C-1] org.apache.kafka.clients.NetworkClient   : [Consumer clientId=consumer-service-core-group-1, groupId=service-core-group] Bootstrap broker localhost:29092 (id: -1 rack: null isFenced: false) disconnected
2026-02-21T09:50:44.724+05:30  INFO 49480 --- [service-core] [ntainer#0-0-C-1] org.apache.kafka.clients.NetworkClient   : [Consumer clientId=consumer-service-core-group-1, groupId=service-core-group] Node -1 disconnected.
2026-02-21T09:50:44.724+05:30  WARN 49480 --- [service-core] [ntainer#0-0-C-1] org.apache.kafka.clients.NetworkClient   : [Consumer clientId=consumer-service-core-group-1, groupId=service-core-group] Connection to node -1 (localhost/127.0.0.1:29092) could not be established. Node may not be available.
2026-02-21T09:50:44.724+05:30  WARN 49480 --- [service-core] [ntainer#0-0-C-1] org.apache.kafka.clients.NetworkClient   : [Consumer clientId=consumer-service-core-group-1, groupId=service-core-group] Bootstrap broker localhost:29092 (id: -1 rack: null isFenced: false) disconnected
2026-02-21T09:50:44.776+05:30  INFO 49480 --- [service-core] [ntainer#0-0-C-1] org.apache.kafka.clients.Metadata        : [Consumer clientId=consumer-service-core-group-1, groupId=service-core-group] Rebootstrapping with [localhost/127.0.0.1:29092]
2026-02-21T09:50:44.827+05:30  INFO 49480 --- [service-core] [ntainer#0-0-C-1] org.apache.kafka.clients.Metadata        : [Consumer clientId=consumer-service-core-group-1, groupId=service-core-group] Rebootstrapping with [localhost/127.0.0.1:29092]
2026-02-21T09:50:45.460+05:30  INFO 49480 --- [service-core] [ntainer#0-0-C-1] org.apache.kafka.clients.Metadata        : [Consumer clientId=consumer-service-core-group-1, groupId=service-core-group] Rebootstrapping with [localhost/127.0.0.1:29092]
2026-02-21T09:50:45.461+05:30  INFO 49480 --- [service-core] [ntainer#0-0-C-1] org.apache.kafka.clients.Metadata        : [Consumer clientId=consumer-service-core-group-1, groupId=service-core-group] Rebootstrapping with [localhost/127.0.0.1:29092]
2026-02-21T09:50:45.461+05:30  INFO 49480 --- [service-core] [ntainer#0-0-C-1] org.apache.kafka.clients.Metadata        : [Consumer clientId=consumer-service-core-group-1, groupId=service-core-group] Rebootstrapping with [localhost/127.0.0.1:29092]
2026-02-21T09:50:45.557+05:30  INFO 49480 --- [service-core] [ntainer#0-0-C-1] org.apache.kafka.clients.Metadata        : [Consumer clientId=consumer-service-core-group-1, groupId=service-core-group] Rebootstrapping with [localhost/127.0.0.1:29092]
2026-02-21T09:50:45.610+05:30  INFO 49480 --- [service-core] [ntainer#0-0-C-1] org.apache.kafka.clients.Metadata        : [Consumer clientId=consumer-service-core-group-1, groupId=service-core-group] Rebootstrapping with [localhost/127.0.0.1:29092]
2026-02-21T09:50:45.855+05:30  INFO 49480 --- [service-core] [ntainer#0-0-C-1] org.apache.kafka.clients.NetworkClient   : [Consumer clientId=consumer-service-core-group-1, groupId=service-core-group] Node -1 disconnected.
2026-02-21T09:50:45.855+05:30  WARN 49480 --- [service-core] [ntainer#0-0-C-1] org.apache.kafka.clients.NetworkClient   : [Consumer clientId=consumer-service-core-group-1, groupId=service-core-group] Connection to node -1 (localhost/127.0.0.1:29092) could not be established. Node may not be available.
2026-02-21T09:50:45.855+05:30  WARN 49480 --- [service-core] [ntainer#0-0-C-1] org.apache.kafka.clients.NetworkClient   : [Consumer clientId=consumer-service-core-group-1, groupId=service-core-group] Bootstrap broker localhost:29092 (id: -1 rack: null isFenced: false) disconnected
2026-02-21T09:50:46.782+05:30  INFO 49480 --- [service-core] [ntainer#0-0-C-1] org.apache.kafka.clients.Metadata        : [Consumer clientId=consumer-service-core-group-1, groupId=service-core-group] Rebootstrapping with [localhost/127.0.0.1:29092]
2026-02-21T09:50:46.835+05:30  INFO 49480 --- [service-core] [ntainer#0-0-C-1] org.apache.kafka.clients.Metadata        : [Consumer clientId=consumer-service-core-group-1, groupId=service-core-group] Rebootstrapping with [localhost/127.0.0.1:29092]
2026-02-21T09:50:47.264+05:30  INFO 49480 --- [service-core] [ntainer#0-0-C-1] org.apache.kafka.clients.NetworkClient   : [Consumer clientId=consumer-service-core-group-1, groupId=service-core-group] Node -1 disconnected.
2026-02-21T09:50:47.264+05:30  WARN 49480 --- [service-core] [ntainer#0-0-C-1] org.apache.kafka.clients.NetworkClient   : [Consumer clientId=consumer-service-core-group-1, groupId=service-core-group] Connection to node -1 (localhost/127.0.0.1:29092) could not be established. Node may not be available.
2026-02-21T09:50:47.265+05:30  WARN 49480 --- [service-core] [ntainer#0-0-C-1] org.apache.kafka.clients.NetworkClient   : [Consumer clientId=consumer-service-core-group-1, groupId=service-core-group] Bootstrap broker localhost:29092 (id: -1 rack: null isFenced: false) disconnected
2026-02-21T09:50:48.093+05:30  INFO 49480 --- [service-core] [ntainer#0-0-C-1] org.apache.kafka.clients.Metadata        : [Consumer clientId=consumer-service-core-group-1, groupId=service-core-group] Rebootstrapping with [localhost/127.0.0.1:29092]
2026-02-21T09:50:48.145+05:30  INFO 49480 --- [service-core] [ntainer#0-0-C-1] org.apache.kafka.clients.Metadata        : [Consumer clientId=consumer-service-core-group-1, groupId=service-core-group] Rebootstrapping with [localhost/127.0.0.1:29092]
2026-02-21T09:50:49.026+05:30  INFO 49480 --- [service-core] [ntainer#0-0-C-1] org.apache.kafka.clients.NetworkClient   : [Consumer clientId=consumer-service-core-group-1, groupId=service-core-group] Node -1 disconnected.
2026-02-21T09:50:49.026+05:30  WARN 49480 --- [service-core] [ntainer#0-0-C-1] org.apache.kafka.clients.NetworkClient   : [Consumer clientId=consumer-service-core-group-1, groupId=service-core-group] Connection to node -1 (localhost/127.0.0.1:29092) could not be established. Node may not be available.
2026-02-21T09:50:49.026+05:30  WARN 49480 --- [service-core] [ntainer#0-0-C-1] org.apache.kafka.clients.NetworkClient   : [Consumer clientId=consumer-service-core-group-1, groupId=service-core-group] Bootstrap broker localhost:29092 (id: -1 rack: null isFenced: false) disconnected
2026-02-21T09:50:49.905+05:30  INFO 49480 --- [service-core] [ntainer#0-0-C-1] org.apache.kafka.clients.NetworkClient   : [Consumer clientId=consumer-service-core-group-1, groupId=service-core-group] Node -1 disconnected.
2026-02-21T09:50:49.905+05:30  WARN 49480 --- [service-core] [ntainer#0-0-C-1] org.apache.kafka.clients.NetworkClient   : [Consumer clientId=consumer-service-core-group-1, groupId=service-core-group] Connection to node -1 (localhost/127.0.0.1:29092) could not be established. Node may not be available.
2026-02-21T09:50:49.905+05:30  WARN 49480 --- [service-core] [ntainer#0-0-C-1] org.apache.kafka.clients.NetworkClient   : [Consumer clientId=consumer-service-core-group-1, groupId=service-core-group] Bootstrap broker localhost:29092 (id: -1 rack: null isFenced: false) disconnected
2026-02-21T09:50:50.010+05:30  INFO 49480 --- [service-core] [ntainer#0-0-C-1] org.apache.kafka.clients.Metadata        : [Consumer clientId=consumer-service-core-group-1, groupId=service-core-group] Rebootstrapping with [localhost/127.0.0.1:29092]
2026-02-21T09:50:50.062+05:30  INFO 49480 --- [service-core] [ntainer#0-0-C-1] org.apache.kafka.clients.Metadata        : [Consumer clientId=consumer-service-core-group-1, groupId=service-core-group] Rebootstrapping with [localhost/127.0.0.1:29092]
2026-02-21T09:50:50.466+05:30  INFO 49480 --- [service-core] [ntainer#0-0-C-1] org.apache.kafka.clients.Metadata        : [Consumer clientId=consumer-service-core-group-1, groupId=service-core-group] Rebootstrapping with [localhost/127.0.0.1:29092]
2026-02-21T09:50:50.467+05:30  INFO 49480 --- [service-core] [ntainer#0-0-C-1] org.apache.kafka.clients.Metadata        : [Consumer clientId=consumer-service-core-group-1, groupId=service-core-group] Rebootstrapping with [localhost/127.0.0.1:29092]
2026-02-21T09:50:50.467+05:30  INFO 49480 --- [service-core] [ntainer#0-0-C-1] org.apache.kafka.clients.Metadata        : [Consumer clientId=consumer-service-core-group-1, groupId=service-core-group] Rebootstrapping with [localhost/127.0.0.1:29092]
2026-02-21T09:50:50.576+05:30  INFO 49480 --- [service-core] [ntainer#0-0-C-1] org.apache.kafka.clients.Metadata        : [Consumer clientId=consumer-service-core-group-1, groupId=service-core-group] Rebootstrapping with [localhost/127.0.0.1:29092]
2026-02-21T09:50:50.629+05:30  INFO 49480 --- [service-core] [ntainer#0-0-C-1] org.apache.kafka.clients.Metadata        : [Consumer clientId=consumer-service-core-group-1, groupId=service-core-group] Rebootstrapping with [localhost/127.0.0.1:29092]
2026-02-21T09:50:50.867+05:30  INFO 49480 --- [service-core] [ntainer#0-0-C-1] org.apache.kafka.clients.Metadata        : [Consumer clientId=consumer-service-core-group-1, groupId=service-core-group] Rebootstrapping with [localhost/127.0.0.1:29092]
2026-02-21T09:50:50.922+05:30  INFO 49480 --- [service-core] [ntainer#0-0-C-1] org.apache.kafka.clients.NetworkClient   : [Consumer clientId=consumer-service-core-group-1, groupId=service-core-group] Node -1 disconnected.
2026-02-21T09:50:50.922+05:30  WARN 49480 --- [service-core] [ntainer#0-0-C-1] org.apache.kafka.clients.NetworkClient   : [Consumer clientId=consumer-service-core-group-1, groupId=service-core-group] Connection to node -1 (localhost/127.0.0.1:29092) could not be established. Node may not be available.
2026-02-21T09:50:50.922+05:30  WARN 49480 --- [service-core] [ntainer#0-0-C-1] org.apache.kafka.clients.NetworkClient   : [Consumer clientId=consumer-service-core-group-1, groupId=service-core-group] Bootstrap broker localhost:29092 (id: -1 rack: null isFenced: false) disconnected
2026-02-21T09:50:51.763+05:30  INFO 49480 --- [service-core] [ntainer#0-0-C-1] org.apache.kafka.clients.Metadata        : [Consumer clientId=consumer-service-core-group-1, groupId=service-core-group] Rebootstrapping with [localhost/127.0.0.1:29092]
2026-02-21T09:50:51.816+05:30  INFO 49480 --- [service-core] [ntainer#0-0-C-1] org.apache.kafka.clients.NetworkClient   : [Consumer clientId=consumer-service-core-group-1, groupId=service-core-group] Node -1 disconnected.
2026-02-21T09:50:51.816+05:30  WARN 49480 --- [service-core] [ntainer#0-0-C-1] org.apache.kafka.clients.NetworkClient   : [Consumer clientId=consumer-service-core-group-1, groupId=service-core-group] Connection to node -1 (localhost/127.0.0.1:29092) could not be established. Node may not be available.
2026-02-21T09:50:51.816+05:30  WARN 49480 --- [service-core] [ntainer#0-0-C-1] org.apache.kafka.clients.NetworkClient   : [Consumer clientId=consumer-service-core-group-1, groupId=service-core-group] Bootstrap broker localhost:29092 (id: -1 rack: null isFenced: false) disconnected
2026-02-21T09:50:52.602+05:30  INFO 49480 --- [service-core] [ntainer#0-0-C-1] org.apache.kafka.clients.Metadata        : [Consumer clientId=consumer-service-core-group-1, groupId=service-core-group] Rebootstrapping with [localhost/127.0.0.1:29092]
2026-02-21T09:50:52.602+05:30  INFO 49480 --- [service-core] [ntainer#0-0-C-1] org.apache.kafka.clients.Metadata        : [Consumer clientId=consumer-service-core-group-1, groupId=service-core-group] Rebootstrapping with [localhost/127.0.0.1:29092]
2026-02-21T09:50:53.594+05:30  INFO 49480 --- [service-core] [ntainer#0-0-C-1] org.apache.kafka.clients.NetworkClient   : [Consumer clientId=consumer-service-core-group-1, groupId=service-core-group] Node -1 disconnected.
2026-02-21T09:50:53.594+05:30  WARN 49480 --- [service-core] [ntainer#0-0-C-1] org.apache.kafka.clients.NetworkClient   : [Consumer clientId=consumer-service-core-group-1, groupId=service-core-group] Connection to node -1 (localhost/127.0.0.1:29092) could not be established. Node may not be available.
2026-02-21T09:50:53.594+05:30  WARN 49480 --- [service-core] [ntainer#0-0-C-1] org.apache.kafka.clients.NetworkClient   : [Consumer clientId=consumer-service-core-group-1, groupId=service-core-group] Bootstrap broker localhost:29092 (id: -1 rack: null isFenced: false) disconnected
2026-02-21T09:50:54.476+05:30  INFO 49480 --- [service-core] [ntainer#0-0-C-1] org.apache.kafka.clients.Metadata        : [Consumer clientId=consumer-service-core-group-1, groupId=service-core-group] Rebootstrapping with [localhost/127.0.0.1:29092]
2026-02-21T09:50:54.529+05:30  INFO 49480 --- [service-core] [ntainer#0-0-C-1] org.apache.kafka.clients.Metadata        : [Consumer clientId=consumer-service-core-group-1, groupId=service-core-group] Rebootstrapping with [localhost/127.0.0.1:29092]
2026-02-21T09:50:55.469+05:30  INFO 49480 --- [service-core] [ntainer#0-0-C-1] org.apache.kafka.clients.NetworkClient   : [Consumer clientId=consumer-service-core-group-1, groupId=service-core-group] Node -1 disconnected.
2026-02-21T09:50:55.469+05:30  WARN 49480 --- [service-core] [ntainer#0-0-C-1] org.apache.kafka.clients.NetworkClient   : [Consumer clientId=consumer-service-core-group-1, groupId=service-core-group] Connection to node -1 (localhost/127.0.0.1:29092) could not be established. Node may not be available.
2026-02-21T09:50:55.469+05:30  WARN 49480 --- [service-core] [ntainer#0-0-C-1] org.apache.kafka.clients.NetworkClient   : [Consumer clientId=consumer-service-core-group-1, groupId=service-core-group] Bootstrap broker localhost:29092 (id: -1 rack: null isFenced: false) disconnected
2026-02-21T09:50:56.391+05:30  INFO 49480 --- [service-core] [ntainer#0-0-C-1] org.apache.kafka.clients.NetworkClient   : [Consumer clientId=consumer-service-core-group-1, groupId=service-core-group] Node -1 disconnected.
2026-02-21T09:50:56.391+05:30  WARN 49480 --- [service-core] [ntainer#0-0-C-1] org.apache.kafka.clients.NetworkClient   : [Consumer clientId=consumer-service-core-group-1, groupId=service-core-group] Connection to node -1 (localhost/127.0.0.1:29092) could not be established. Node may not be available.
2026-02-21T09:50:56.391+05:30  WARN 49480 --- [service-core] [ntainer#0-0-C-1] org.apache.kafka.clients.NetworkClient   : [Consumer clientId=consumer-service-core-group-1, groupId=service-core-group] Bootstrap broker localhost:29092 (id: -1 rack: null isFenced: false) disconnected
2026-02-21T09:50:56.458+05:30  INFO 49480 --- [service-core] [ntainer#0-0-C-1] org.apache.kafka.clients.Metadata        : [Consumer clientId=consumer-service-core-group-1, groupId=service-core-group] Rebootstrapping with [localhost/127.0.0.1:29092]
2026-02-21T09:50:56.511+05:30  INFO 49480 --- [service-core] [ntainer#0-0-C-1] org.apache.kafka.clients.Metadata        : [Consumer clientId=consumer-service-core-group-1, groupId=service-core-group] Rebootstrapping with [localhost/127.0.0.1:29092]
2026-02-21T09:50:56.696+05:30  INFO 49480 --- [service-core] [ntainer#0-0-C-1] org.apache.kafka.clients.Metadata        : [Consumer clientId=consumer-service-core-group-1, groupId=service-core-group] Rebootstrapping with [localhost/127.0.0.1:29092]
2026-02-21T09:50:56.747+05:30  INFO 49480 --- [service-core] [ntainer#0-0-C-1] org.apache.kafka.clients.Metadata        : [Consumer clientId=consumer-service-core-group-1, groupId=service-core-group] Rebootstrapping with [localhost/127.0.0.1:29092]
2026-02-21T09:50:57.088+05:30  INFO 49480 --- [service-core] [ntainer#0-0-C-1] org.apache.kafka.clients.Metadata        : [Consumer clientId=consumer-service-core-group-1, groupId=service-core-group] Rebootstrapping with [localhost/127.0.0.1:29092]
2026-02-21T09:50:57.140+05:30  INFO 49480 --- [service-core] [ntainer#0-0-C-1] org.apache.kafka.clients.Metadata        : [Consumer clientId=consumer-service-core-group-1, groupId=service-core-group] Rebootstrapping with [localhost/127.0.0.1:29092]
2026-02-21T09:50:58.063+05:30  INFO 49480 --- [service-core] [ntainer#0-0-C-1] org.apache.kafka.clients.NetworkClient   : [Consumer clientId=consumer-service-core-group-1, groupId=service-core-group] Node -1 disconnected.
2026-02-21T09:50:58.064+05:30  WARN 49480 --- [service-core] [ntainer#0-0-C-1] org.apache.kafka.clients.NetworkClient   : [Consumer clientId=consumer-service-core-group-1, groupId=service-core-group] Connection to node -1 (localhost/127.0.0.1:29092) could not be established. Node may not be available.
2026-02-21T09:50:58.064+05:30  WARN 49480 --- [service-core] [ntainer#0-0-C-1] org.apache.kafka.clients.NetworkClient   : [Consumer clientId=consumer-service-core-group-1, groupId=service-core-group] Bootstrap broker localhost:29092 (id: -1 rack: null isFenced: false) disconnected
2026-02-21T09:50:59.065+05:30  INFO 49480 --- [service-core] [ntainer#0-0-C-1] org.apache.kafka.clients.NetworkClient   : [Consumer clientId=consumer-service-core-group-1, groupId=service-core-group] Node -1 disconnected.
2026-02-21T09:50:59.065+05:30  WARN 49480 --- [service-core] [ntainer#0-0-C-1] org.apache.kafka.clients.NetworkClient   : [Consumer clientId=consumer-service-core-group-1, groupId=service-core-group] Connection to node -1 (localhost/127.0.0.1:29092) could not be established. Node may not be available.
2026-02-21T09:50:59.065+05:30  WARN 49480 --- [service-core] [ntainer#0-0-C-1] org.apache.kafka.clients.NetworkClient   : [Consumer clientId=consumer-service-core-group-1, groupId=service-core-group] Bootstrap broker localhost:29092 (id: -1 rack: null isFenced: false) disconnected
2026-02-21T09:50:59.891+05:30  INFO 49480 --- [service-core] [ntainer#0-0-C-1] org.apache.kafka.clients.NetworkClient   : [Consumer clientId=consumer-service-core-group-1, groupId=service-core-group] Node -1 disconnected.
2026-02-21T09:50:59.891+05:30  WARN 49480 --- [service-core] [ntainer#0-0-C-1] org.apache.kafka.clients.NetworkClient   : [Consumer clientId=consumer-service-core-group-1, groupId=service-core-group] Connection to node -1 (localhost/127.0.0.1:29092) could not be established. Node may not be available.
2026-02-21T09:50:59.891+05:30  WARN 49480 --- [service-core] [ntainer#0-0-C-1] org.apache.kafka.clients.NetworkClient   : [Consumer clientId=consumer-service-core-group-1, groupId=service-core-group] Bootstrap broker localhost:29092 (id: -1 rack: null isFenced: false) disconnected
2026-02-21T09:51:00.066+05:30  INFO 49480 --- [service-core] [ntainer#0-0-C-1] org.apache.kafka.clients.Metadata        : [Consumer clientId=consumer-service-core-group-1, groupId=service-core-group] Rebootstrapping with [localhost/127.0.0.1:29092]
2026-02-21T09:51:00.119+05:30  INFO 49480 --- [service-core] [ntainer#0-0-C-1] org.apache.kafka.clients.Metadata        : [Consumer clientId=consumer-service-core-group-1, groupId=service-core-group] Rebootstrapping with [localhost/127.0.0.1:29092]
2026-02-21T09:51:00.480+05:30  INFO 49480 --- [service-core] [ntainer#0-0-C-1] org.apache.kafka.clients.Metadata        : [Consumer clientId=consumer-service-core-group-1, groupId=service-core-group] Rebootstrapping with [localhost/127.0.0.1:29092]
2026-02-21T09:51:00.481+05:30  INFO 49480 --- [service-core] [ntainer#0-0-C-1] org.apache.kafka.clients.Metadata        : [Consumer clientId=consumer-service-core-group-1, groupId=service-core-group] Rebootstrapping with [localhost/127.0.0.1:29092]
2026-02-21T09:51:00.482+05:30  INFO 49480 --- [service-core] [ntainer#0-0-C-1] org.apache.kafka.clients.Metadata        : [Consumer clientId=consumer-service-core-group-1, groupId=service-core-group] Rebootstrapping with [localhost/127.0.0.1:29092]
2026-02-21T09:51:00.578+05:30  INFO 49480 --- [service-core] [ntainer#0-0-C-1] org.apache.kafka.clients.Metadata        : [Consumer clientId=consumer-service-core-group-1, groupId=service-core-group] Rebootstrapping with [localhost/127.0.0.1:29092]
2026-02-21T09:51:00.629+05:30  INFO 49480 --- [service-core] [ntainer#0-0-C-1] org.apache.kafka.clients.Metadata        : [Consumer clientId=consumer-service-core-group-1, groupId=service-core-group] Rebootstrapping with [localhost/127.0.0.1:29092]
2026-02-21T09:51:00.799+05:30  INFO 49480 --- [service-core] [ntainer#0-0-C-1] org.apache.kafka.clients.Metadata        : [Consumer clientId=consumer-service-core-group-1, groupId=service-core-group] Rebootstrapping with [localhost/127.0.0.1:29092]
2026-02-21T09:51:00.851+05:30  INFO 49480 --- [service-core] [ntainer#0-0-C-1] org.apache.kafka.clients.NetworkClient   : [Consumer clientId=consumer-service-core-group-1, groupId=service-core-group] Node -1 disconnected.
2026-02-21T09:51:00.851+05:30  WARN 49480 --- [service-core] [ntainer#0-0-C-1] org.apache.kafka.clients.NetworkClient   : [Consumer clientId=consumer-service-core-group-1, groupId=service-core-group] Connection to node -1 (localhost/127.0.0.1:29092) could not be established. Node may not be available.
2026-02-21T09:51:00.851+05:30  WARN 49480 --- [service-core] [ntainer#0-0-C-1] org.apache.kafka.clients.NetworkClient   : [Consumer clientId=consumer-service-core-group-1, groupId=service-core-group] Bootstrap broker localhost:29092 (id: -1 rack: null isFenced: false) disconnected
2026-02-21T09:51:01.708+05:30  INFO 49480 --- [service-core] [ntainer#0-0-C-1] org.apache.kafka.clients.NetworkClient   : [Consumer clientId=consumer-service-core-group-1, groupId=service-core-group] Node -1 disconnected.
2026-02-21T09:51:01.708+05:30  WARN 49480 --- [service-core] [ntainer#0-0-C-1] org.apache.kafka.clients.NetworkClient   : [Consumer clientId=consumer-service-core-group-1, groupId=service-core-group] Connection to node -1 (localhost/127.0.0.1:29092) could not be established. Node may not be available.
2026-02-21T09:51:01.708+05:30  WARN 49480 --- [service-core] [ntainer#0-0-C-1] org.apache.kafka.clients.NetworkClient   : [Consumer clientId=consumer-service-core-group-1, groupId=service-core-group] Bootstrap broker localhost:29092 (id: -1 rack: null isFenced: false) disconnected
2026-02-21T09:51:01.708+05:30  INFO 49480 --- [service-core] [ntainer#0-0-C-1] org.apache.kafka.clients.Metadata        : [Consumer clientId=consumer-service-core-group-1, groupId=service-core-group] Rebootstrapping with [localhost/127.0.0.1:29092]
2026-02-21T09:51:02.691+05:30  INFO 49480 --- [service-core] [ntainer#0-0-C-1] org.apache.kafka.clients.NetworkClient   : [Consumer clientId=consumer-service-core-group-1, groupId=service-core-group] Node -1 disconnected.
2026-02-21T09:51:02.691+05:30  WARN 49480 --- [service-core] [ntainer#0-0-C-1] org.apache.kafka.clients.NetworkClient   : [Consumer clientId=consumer-service-core-group-1, groupId=service-core-group] Connection to node -1 (localhost/127.0.0.1:29092) could not be established. Node may not be available.
2026-02-21T09:51:02.691+05:30  WARN 49480 --- [service-core] [ntainer#0-0-C-1] org.apache.kafka.clients.NetworkClient   : [Consumer clientId=consumer-service-core-group-1, groupId=service-core-group] Bootstrap broker localhost:29092 (id: -1 rack: null isFenced: false) disconnected
2026-02-21T09:51:03.622+05:30  INFO 49480 --- [service-core] [ntainer#0-0-C-1] org.apache.kafka.clients.Metadata        : [Consumer clientId=consumer-service-core-group-1, groupId=service-core-group] Rebootstrapping with [localhost/127.0.0.1:29092]
2026-02-21T09:51:04.510+05:30  INFO 49480 --- [service-core] [ntainer#0-0-C-1] org.apache.kafka.clients.NetworkClient   : [Consumer clientId=consumer-service-core-group-1, groupId=service-core-group] Node -1 disconnected.
2026-02-21T09:51:04.510+05:30  WARN 49480 --- [service-core] [ntainer#0-0-C-1] org.apache.kafka.clients.NetworkClient   : [Consumer clientId=consumer-service-core-group-1, groupId=service-core-group] Connection to node -1 (localhost/127.0.0.1:29092) could not be established. Node may not be available.
2026-02-21T09:51:04.510+05:30  WARN 49480 --- [service-core] [ntainer#0-0-C-1] org.apache.kafka.clients.NetworkClient   : [Consumer clientId=consumer-service-core-group-1, groupId=service-core-group] Bootstrap broker localhost:29092 (id: -1 rack: null isFenced: false) disconnected
2026-02-21T09:51:05.439+05:30  INFO 49480 --- [service-core] [ntainer#0-0-C-1] org.apache.kafka.clients.NetworkClient   : [Consumer clientId=consumer-service-core-group-1, groupId=service-core-group] Node -1 disconnected.
2026-02-21T09:51:05.440+05:30  WARN 49480 --- [service-core] [ntainer#0-0-C-1] org.apache.kafka.clients.NetworkClient   : [Consumer clientId=consumer-service-core-group-1, groupId=service-core-group] Connection to node -1 (localhost/127.0.0.1:29092) could not be established. Node may not be available.
2026-02-21T09:51:05.440+05:30  WARN 49480 --- [service-core] [ntainer#0-0-C-1] org.apache.kafka.clients.NetworkClient   : [Consumer clientId=consumer-service-core-group-1, groupId=service-core-group] Bootstrap broker localhost:29092 (id: -1 rack: null isFenced: false) disconnected
2026-02-21T09:51:06.370+05:30  INFO 49480 --- [service-core] [ntainer#0-0-C-1] org.apache.kafka.clients.NetworkClient   : [Consumer clientId=consumer-service-core-group-1, groupId=service-core-group] Node -1 disconnected.
2026-02-21T09:51:06.371+05:30  WARN 49480 --- [service-core] [ntainer#0-0-C-1] org.apache.kafka.clients.NetworkClient   : [Consumer clientId=consumer-service-core-group-1, groupId=service-core-group] Connection to node -1 (localhost/127.0.0.1:29092) could not be established. Node may not be available.
2026-02-21T09:51:06.371+05:30  WARN 49480 --- [service-core] [ntainer#0-0-C-1] org.apache.kafka.clients.NetworkClient   : [Consumer clientId=consumer-service-core-group-1, groupId=service-core-group] Bootstrap broker localhost:29092 (id: -1 rack: null isFenced: false) disconnected
2026-02-21T09:51:06.371+05:30  INFO 49480 --- [service-core] [ntainer#0-0-C-1] org.apache.kafka.clients.Metadata        : [Consumer clientId=consumer-service-core-group-1, groupId=service-core-group] Rebootstrapping with [localhost/127.0.0.1:29092]
2026-02-21T09:51:06.423+05:30  INFO 49480 --- [service-core] [ntainer#0-0-C-1] org.apache.kafka.clients.Metadata        : [Consumer clientId=consumer-service-core-group-1, groupId=service-core-group] Rebootstrapping with [localhost/127.0.0.1:29092]
2026-02-21T09:51:06.626+05:30  INFO 49480 --- [service-core] [ntainer#0-0-C-1] org.apache.kafka.clients.Metadata        : [Consumer clientId=consumer-service-core-group-1, groupId=service-core-group] Rebootstrapping with [localhost/127.0.0.1:29092]
2026-02-21T09:51:06.679+05:30  INFO 49480 --- [service-core] [ntainer#0-0-C-1] org.apache.kafka.clients.Metadata        : [Consumer clientId=consumer-service-core-group-1, groupId=service-core-group] Rebootstrapping with [localhost/127.0.0.1:29092]
2026-02-21T09:51:07.043+05:30  INFO 49480 --- [service-core] [ntainer#0-0-C-1] org.apache.kafka.clients.Metadata        : [Consumer clientId=consumer-service-core-group-1, groupId=service-core-group] Rebootstrapping with [localhost/127.0.0.1:29092]
2026-02-21T09:51:07.096+05:30  INFO 49480 --- [service-core] [ntainer#0-0-C-1] org.apache.kafka.clients.Metadata        : [Consumer clientId=consumer-service-core-group-1, groupId=service-core-group] Rebootstrapping with [localhost/127.0.0.1:29092]
2026-02-21T09:51:07.744+05:30  INFO 49480 --- [service-core] [ntainer#0-0-C-1] org.apache.kafka.clients.NetworkClient   : [Consumer clientId=consumer-service-core-group-1, groupId=service-core-group] Node -1 disconnected.
2026-02-21T09:51:07.744+05:30  WARN 49480 --- [service-core] [ntainer#0-0-C-1] org.apache.kafka.clients.NetworkClient   : [Consumer clientId=consumer-service-core-group-1, groupId=service-core-group] Connection to node -1 (localhost/127.0.0.1:29092) could not be established. Node may not be available.
2026-02-21T09:51:07.744+05:30  WARN 49480 --- [service-core] [ntainer#0-0-C-1] org.apache.kafka.clients.NetworkClient   : [Consumer clientId=consumer-service-core-group-1, groupId=service-core-group] Bootstrap broker localhost:29092 (id: -1 rack: null isFenced: false) disconnected
2026-02-21T09:51:08.746+05:30  INFO 49480 --- [service-core] [ntainer#0-0-C-1] org.apache.kafka.clients.NetworkClient   : [Consumer clientId=consumer-service-core-group-1, groupId=service-core-group] Node -1 disconnected.
2026-02-21T09:51:08.747+05:30  WARN 49480 --- [service-core] [ntainer#0-0-C-1] org.apache.kafka.clients.NetworkClient   : [Consumer clientId=consumer-service-core-group-1, groupId=service-core-group] Connection to node -1 (localhost/127.0.0.1:29092) could not be established. Node may not be available.
2026-02-21T09:51:08.747+05:30  WARN 49480 --- [service-core] [ntainer#0-0-C-1] org.apache.kafka.clients.NetworkClient   : [Consumer clientId=consumer-service-core-group-1, groupId=service-core-group] Bootstrap broker localhost:29092 (id: -1 rack: null isFenced: false) disconnected
2026-02-21T09:51:09.571+05:30  INFO 49480 --- [service-core] [ntainer#0-0-C-1] org.apache.kafka.clients.Metadata        : [Consumer clientId=consumer-service-core-group-1, groupId=service-core-group] Rebootstrapping with [localhost/127.0.0.1:29092]
2026-02-21T09:51:10.489+05:30  INFO 49480 --- [service-core] [ntainer#0-0-C-1] org.apache.kafka.clients.NetworkClient   : [Consumer clientId=consumer-service-core-group-1, groupId=service-core-group] Node -1 disconnected.
2026-02-21T09:51:10.489+05:30  WARN 49480 --- [service-core] [ntainer#0-0-C-1] org.apache.kafka.clients.NetworkClient   : [Consumer clientId=consumer-service-core-group-1, groupId=service-core-group] Connection to node -1 (localhost/127.0.0.1:29092) could not be established. Node may not be available.
2026-02-21T09:51:10.489+05:30  WARN 49480 --- [service-core] [ntainer#0-0-C-1] org.apache.kafka.clients.NetworkClient   : [Consumer clientId=consumer-service-core-group-1, groupId=service-core-group] Bootstrap broker localhost:29092 (id: -1 rack: null isFenced: false) disconnected
2026-02-21T09:51:11.366+05:30  INFO 49480 --- [service-core] [ntainer#0-0-C-1] org.apache.kafka.clients.NetworkClient   : [Consumer clientId=consumer-service-core-group-1, groupId=service-core-group] Node -1 disconnected.
2026-02-21T09:51:11.367+05:30  WARN 49480 --- [service-core] [ntainer#0-0-C-1] org.apache.kafka.clients.NetworkClient   : [Consumer clientId=consumer-service-core-group-1, groupId=service-core-group] Connection to node -1 (localhost/127.0.0.1:29092) could not be established. Node may not be available.
2026-02-21T09:51:11.367+05:30  WARN 49480 --- [service-core] [ntainer#0-0-C-1] org.apache.kafka.clients.NetworkClient   : [Consumer clientId=consumer-service-core-group-1, groupId=service-core-group] Bootstrap broker localhost:29092 (id: -1 rack: null isFenced: false) disconnected
2026-02-21T09:51:11.402+05:30  INFO 49480 --- [service-core] [ntainer#0-0-C-1] org.apache.kafka.clients.Metadata        : [Consumer clientId=consumer-service-core-group-1, groupId=service-core-group] Rebootstrapping with [localhost/127.0.0.1:29092]
2026-02-21T09:51:11.667+05:30  INFO 49480 --- [service-core] [ntainer#0-0-C-1] org.apache.kafka.clients.Metadata        : [Consumer clientId=consumer-service-core-group-1, groupId=service-core-group] Rebootstrapping with [localhost/127.0.0.1:29092]
2026-02-21T09:51:11.718+05:30  INFO 49480 --- [service-core] [ntainer#0-0-C-1] org.apache.kafka.clients.Metadata        : [Consumer clientId=consumer-service-core-group-1, groupId=service-core-group] Rebootstrapping with [localhost/127.0.0.1:29092]
2026-02-21T09:51:12.170+05:30  INFO 49480 --- [service-core] [ntainer#0-0-C-1] org.apache.kafka.clients.Metadata        : [Consumer clientId=consumer-service-core-group-1, groupId=service-core-group] Rebootstrapping with [localhost/127.0.0.1:29092]
2026-02-21T09:51:12.222+05:30  INFO 49480 --- [service-core] [ntainer#0-0-C-1] org.apache.kafka.clients.Metadata        : [Consumer clientId=consumer-service-core-group-1, groupId=service-core-group] Rebootstrapping with [localhost/127.0.0.1:29092]
2026-02-21T09:51:12.966+05:30  INFO 49480 --- [service-core] [ntainer#0-0-C-1] org.apache.kafka.clients.NetworkClient   : [Consumer clientId=consumer-service-core-group-1, groupId=service-core-group] Node -1 disconnected.
2026-02-21T09:51:12.968+05:30  INFO 49480 --- [service-core] [ntainer#0-0-C-1] org.apache.kafka.clients.NetworkClient   : [Consumer clientId=consumer-service-core-group-1, groupId=service-core-group] Cancelled in-flight API_VERSIONS request with correlation id 14 due to node -1 being disconnected (elapsed time since creation: 16ms, elapsed time since send: 16ms, throttle time: 0ms, request timeout: 30000ms)
2026-02-21T09:51:12.968+05:30  WARN 49480 --- [service-core] [ntainer#0-0-C-1] org.apache.kafka.clients.NetworkClient   : [Consumer clientId=consumer-service-core-group-1, groupId=service-core-group] Bootstrap broker localhost:29092 (id: -1 rack: null isFenced: false) disconnected
2026-02-21T09:51:13.839+05:30  INFO 49480 --- [service-core] [ntainer#0-0-C-1] org.apache.kafka.clients.Metadata        : [Consumer clientId=consumer-service-core-group-1, groupId=service-core-group] Rebootstrapping with [localhost/127.0.0.1:29092]
2026-02-21T09:51:13.891+05:30  INFO 49480 --- [service-core] [ntainer#0-0-C-1] org.apache.kafka.clients.Metadata        : [Consumer clientId=consumer-service-core-group-1, groupId=service-core-group] Rebootstrapping with [localhost/127.0.0.1:29092]
2026-02-21T09:51:14.757+05:30  INFO 49480 --- [service-core] [ntainer#0-0-C-1] org.apache.kafka.clients.NetworkClient   : [Consumer clientId=consumer-service-core-group-1, groupId=service-core-group] Node -1 disconnected.
2026-02-21T09:51:14.757+05:30  INFO 49480 --- [service-core] [ntainer#0-0-C-1] org.apache.kafka.clients.NetworkClient   : [Consumer clientId=consumer-service-core-group-1, groupId=service-core-group] Cancelled in-flight API_VERSIONS request with correlation id 15 due to node -1 being disconnected (elapsed time since creation: 2ms, elapsed time since send: 2ms, throttle time: 0ms, request timeout: 30000ms)
2026-02-21T09:51:14.757+05:30  WARN 49480 --- [service-core] [ntainer#0-0-C-1] org.apache.kafka.clients.NetworkClient   : [Consumer clientId=consumer-service-core-group-1, groupId=service-core-group] Bootstrap broker localhost:29092 (id: -1 rack: null isFenced: false) disconnected
2026-02-21T09:51:15.617+05:30  INFO 49480 --- [service-core] [ntainer#0-0-C-1] org.apache.kafka.clients.NetworkClient   : [Consumer clientId=consumer-service-core-group-1, groupId=service-core-group] Node -1 disconnected.
2026-02-21T09:51:15.617+05:30  INFO 49480 --- [service-core] [ntainer#0-0-C-1] org.apache.kafka.clients.NetworkClient   : [Consumer clientId=consumer-service-core-group-1, groupId=service-core-group] Cancelled in-flight API_VERSIONS request with correlation id 16 due to node -1 being disconnected (elapsed time since creation: 1ms, elapsed time since send: 1ms, throttle time: 0ms, request timeout: 30000ms)
2026-02-21T09:51:15.618+05:30  WARN 49480 --- [service-core] [ntainer#0-0-C-1] org.apache.kafka.clients.NetworkClient   : [Consumer clientId=consumer-service-core-group-1, groupId=service-core-group] Bootstrap broker localhost:29092 (id: -1 rack: null isFenced: false) disconnected
2026-02-21T09:51:15.758+05:30  INFO 49480 --- [service-core] [ntainer#0-0-C-1] org.apache.kafka.clients.Metadata        : [Consumer clientId=consumer-service-core-group-1, groupId=service-core-group] Rebootstrapping with [localhost/127.0.0.1:29092]
2026-02-21T09:51:15.809+05:30  INFO 49480 --- [service-core] [ntainer#0-0-C-1] org.apache.kafka.clients.Metadata        : [Consumer clientId=consumer-service-core-group-1, groupId=service-core-group] Rebootstrapping with [localhost/127.0.0.1:29092]
2026-02-21T09:51:16.036+05:30  INFO 49480 --- [service-core] [ntainer#0-0-C-1] org.apache.kafka.clients.Metadata        : [Consumer clientId=consumer-service-core-group-1, groupId=service-core-group] Rebootstrapping with [localhost/127.0.0.1:29092]
2026-02-21T09:51:16.089+05:30  INFO 49480 --- [service-core] [ntainer#0-0-C-1] org.apache.kafka.clients.Metadata        : [Consumer clientId=consumer-service-core-group-1, groupId=service-core-group] Rebootstrapping with [localhost/127.0.0.1:29092]
2026-02-21T09:51:16.530+05:30  INFO 49480 --- [service-core] [ntainer#0-0-C-1] org.apache.kafka.clients.Metadata        : [Consumer clientId=consumer-service-core-group-1, groupId=service-core-group] Rebootstrapping with [localhost/127.0.0.1:29092]
2026-02-21T09:51:16.583+05:30  INFO 49480 --- [service-core] [ntainer#0-0-C-1] org.apache.kafka.clients.NetworkClient   : [Consumer clientId=consumer-service-core-group-1, groupId=service-core-group] Node -1 disconnected.
2026-02-21T09:51:16.583+05:30  INFO 49480 --- [service-core] [ntainer#0-0-C-1] org.apache.kafka.clients.NetworkClient   : [Consumer clientId=consumer-service-core-group-1, groupId=service-core-group] Cancelled in-flight API_VERSIONS request with correlation id 18 due to node -1 being disconnected (elapsed time since creation: 0ms, elapsed time since send: 0ms, throttle time: 0ms, request timeout: 30000ms)
2026-02-21T09:51:16.583+05:30  WARN 49480 --- [service-core] [ntainer#0-0-C-1] org.apache.kafka.clients.NetworkClient   : [Consumer clientId=consumer-service-core-group-1, groupId=service-core-group] Bootstrap broker localhost:29092 (id: -1 rack: null isFenced: false) disconnected
2026-02-21T09:51:17.528+05:30  INFO 49480 --- [service-core] [ntainer#0-0-C-1] org.apache.kafka.clients.Metadata        : [Consumer clientId=consumer-service-core-group-1, groupId=service-core-group] Rebootstrapping with [localhost/127.0.0.1:29092]
2026-02-21T09:51:17.579+05:30  INFO 49480 --- [service-core] [ntainer#0-0-C-1] org.apache.kafka.clients.Metadata        : [Consumer clientId=consumer-service-core-group-1, groupId=service-core-group] Rebootstrapping with [localhost/127.0.0.1:29092]
2026-02-21T09:51:18.409+05:30  INFO 49480 --- [service-core] [ntainer#0-0-C-1] org.apache.kafka.clients.NetworkClient   : [Consumer clientId=consumer-service-core-group-1, groupId=service-core-group] Node -1 disconnected.
2026-02-21T09:51:18.410+05:30  WARN 49480 --- [service-core] [ntainer#0-0-C-1] org.apache.kafka.clients.NetworkClient   : [Consumer clientId=consumer-service-core-group-1, groupId=service-core-group] Connection to node -1 (localhost/127.0.0.1:29092) could not be established. Node may not be available.
2026-02-21T09:51:18.410+05:30  WARN 49480 --- [service-core] [ntainer#0-0-C-1] org.apache.kafka.clients.NetworkClient   : [Consumer clientId=consumer-service-core-group-1, groupId=service-core-group] Bootstrap broker localhost:29092 (id: -1 rack: null isFenced: false) disconnected
2026-02-21T09:51:19.232+05:30  INFO 49480 --- [service-core] [ntainer#0-0-C-1] org.apache.kafka.clients.NetworkClient   : [Consumer clientId=consumer-service-core-group-1, groupId=service-core-group] Node -1 disconnected.
2026-02-21T09:51:19.233+05:30  WARN 49480 --- [service-core] [ntainer#0-0-C-1] org.apache.kafka.clients.NetworkClient   : [Consumer clientId=consumer-service-core-group-1, groupId=service-core-group] Connection to node -1 (localhost/127.0.0.1:29092) could not be established. Node may not be available.
2026-02-21T09:51:19.233+05:30  WARN 49480 --- [service-core] [ntainer#0-0-C-1] org.apache.kafka.clients.NetworkClient   : [Consumer clientId=consumer-service-core-group-1, groupId=service-core-group] Bootstrap broker localhost:29092 (id: -1 rack: null isFenced: false) disconnected
2026-02-21T09:51:19.233+05:30  INFO 49480 --- [service-core] [ntainer#0-0-C-1] org.apache.kafka.clients.Metadata        : [Consumer clientId=consumer-service-core-group-1, groupId=service-core-group] Rebootstrapping with [localhost/127.0.0.1:29092]
2026-02-21T09:51:20.294+05:30  INFO 49480 --- [service-core] [ntainer#0-0-C-1] org.apache.kafka.clients.NetworkClient   : [Consumer clientId=consumer-service-core-group-1, groupId=service-core-group] Node -1 disconnected.
2026-02-21T09:51:20.294+05:30  WARN 49480 --- [service-core] [ntainer#0-0-C-1] org.apache.kafka.clients.NetworkClient   : [Consumer clientId=consumer-service-core-group-1, groupId=service-core-group] Connection to node -1 (localhost/127.0.0.1:29092) could not be established. Node may not be available.
2026-02-21T09:51:20.294+05:30  WARN 49480 --- [service-core] [ntainer#0-0-C-1] org.apache.kafka.clients.NetworkClient   : [Consumer clientId=consumer-service-core-group-1, groupId=service-core-group] Bootstrap broker localhost:29092 (id: -1 rack: null isFenced: false) disconnected
2026-02-21T09:51:21.225+05:30  INFO 49480 --- [service-core] [ntainer#0-0-C-1] org.apache.kafka.clients.Metadata        : [Consumer clientId=consumer-service-core-group-1, groupId=service-core-group] Rebootstrapping with [localhost/127.0.0.1:29092]
2026-02-21T09:51:21.276+05:30  INFO 49480 --- [service-core] [ntainer#0-0-C-1] org.apache.kafka.clients.Metadata        : [Consumer clientId=consumer-service-core-group-1, groupId=service-core-group] Rebootstrapping with [localhost/127.0.0.1:29092]
2026-02-21T09:51:21.481+05:30  INFO 49480 --- [service-core] [ntainer#0-0-C-1] org.apache.kafka.clients.NetworkClient   : [Consumer clientId=consumer-service-core-group-1, groupId=service-core-group] Node -1 disconnected.
2026-02-21T09:51:21.482+05:30  WARN 49480 --- [service-core] [ntainer#0-0-C-1] org.apache.kafka.clients.NetworkClient   : [Consumer clientId=consumer-service-core-group-1, groupId=service-core-group] Connection to node -1 (localhost/127.0.0.1:29092) could not be established. Node may not be available.
2026-02-21T09:51:21.482+05:30  WARN 49480 --- [service-core] [ntainer#0-0-C-1] org.apache.kafka.clients.NetworkClient   : [Consumer clientId=consumer-service-core-group-1, groupId=service-core-group] Bootstrap broker localhost:29092 (id: -1 rack: null isFenced: false) disconnected
2026-02-21T09:51:22.328+05:30  INFO 49480 --- [service-core] [ntainer#0-0-C-1] org.apache.kafka.clients.Metadata        : [Consumer clientId=consumer-service-core-group-1, groupId=service-core-group] Rebootstrapping with [localhost/127.0.0.1:29092]
2026-02-21T09:51:22.796+05:30  INFO 49480 --- [service-core] [ntainer#0-0-C-1] org.apache.kafka.clients.NetworkClient   : [Consumer clientId=consumer-service-core-group-1, groupId=service-core-group] Node -1 disconnected.
2026-02-21T09:51:22.796+05:30  WARN 49480 --- [service-core] [ntainer#0-0-C-1] org.apache.kafka.clients.NetworkClient   : [Consumer clientId=consumer-service-core-group-1, groupId=service-core-group] Connection to node -1 (localhost/127.0.0.1:29092) could not be established. Node may not be available.
2026-02-21T09:51:22.796+05:30  WARN 49480 --- [service-core] [ntainer#0-0-C-1] org.apache.kafka.clients.NetworkClient   : [Consumer clientId=consumer-service-core-group-1, groupId=service-core-group] Bootstrap broker localhost:29092 (id: -1 rack: null isFenced: false) disconnected
2026-02-21T09:51:23.749+05:30  INFO 49480 --- [service-core] [ntainer#0-0-C-1] org.apache.kafka.clients.Metadata        : [Consumer clientId=consumer-service-core-group-1, groupId=service-core-group] Rebootstrapping with [localhost/127.0.0.1:29092]
2026-02-21T09:51:23.803+05:30  INFO 49480 --- [service-core] [ntainer#0-0-C-1] org.apache.kafka.clients.NetworkClient   : [Consumer clientId=consumer-service-core-group-1, groupId=service-core-group] Node -1 disconnected.
2026-02-21T09:51:23.803+05:30  WARN 49480 --- [service-core] [ntainer#0-0-C-1] org.apache.kafka.clients.NetworkClient   : [Consumer clientId=consumer-service-core-group-1, groupId=service-core-group] Connection to node -1 (localhost/127.0.0.1:29092) could not be established. Node may not be available.
2026-02-21T09:51:23.803+05:30  WARN 49480 --- [service-core] [ntainer#0-0-C-1] org.apache.kafka.clients.NetworkClient   : [Consumer clientId=consumer-service-core-group-1, groupId=service-core-group] Bootstrap broker localhost:29092 (id: -1 rack: null isFenced: false) disconnected
2026-02-21T09:51:24.731+05:30  INFO 49480 --- [service-core] [ntainer#0-0-C-1] org.apache.kafka.clients.NetworkClient   : [Consumer clientId=consumer-service-core-group-1, groupId=service-core-group] Node -1 disconnected.
2026-02-21T09:51:24.732+05:30  WARN 49480 --- [service-core] [ntainer#0-0-C-1] org.apache.kafka.clients.NetworkClient   : [Consumer clientId=consumer-service-core-group-1, groupId=service-core-group] Connection to node -1 (localhost/127.0.0.1:29092) could not be established. Node may not be available.
2026-02-21T09:51:24.732+05:30  WARN 49480 --- [service-core] [ntainer#0-0-C-1] org.apache.kafka.clients.NetworkClient   : [Consumer clientId=consumer-service-core-group-1, groupId=service-core-group] Bootstrap broker localhost:29092 (id: -1 rack: null isFenced: false) disconnected
2026-02-21T09:51:25.695+05:30  INFO 49480 --- [service-core] [ntainer#0-0-C-1] org.apache.kafka.clients.Metadata        : [Consumer clientId=consumer-service-core-group-1, groupId=service-core-group] Rebootstrapping with [localhost/127.0.0.1:29092]
2026-02-21T09:51:25.748+05:30  INFO 49480 --- [service-core] [ntainer#0-0-C-1] org.apache.kafka.clients.NetworkClient   : [Consumer clientId=consumer-service-core-group-1, groupId=service-core-group] Node -1 disconnected.
2026-02-21T09:51:25.748+05:30  WARN 49480 --- [service-core] [ntainer#0-0-C-1] org.apache.kafka.clients.NetworkClient   : [Consumer clientId=consumer-service-core-group-1, groupId=service-core-group] Connection to node -1 (localhost/127.0.0.1:29092) could not be established. Node may not be available.
2026-02-21T09:51:25.748+05:30  WARN 49480 --- [service-core] [ntainer#0-0-C-1] org.apache.kafka.clients.NetworkClient   : [Consumer clientId=consumer-service-core-group-1, groupId=service-core-group] Bootstrap broker localhost:29092 (id: -1 rack: null isFenced: false) disconnected
2026-02-21T09:51:26.639+05:30  INFO 49480 --- [service-core] [ntainer#0-0-C-1] org.apache.kafka.clients.NetworkClient   : [Consumer clientId=consumer-service-core-group-1, groupId=service-core-group] Node -1 disconnected.
2026-02-21T09:51:26.640+05:30  WARN 49480 --- [service-core] [ntainer#0-0-C-1] org.apache.kafka.clients.NetworkClient   : [Consumer clientId=consumer-service-core-group-1, groupId=service-core-group] Connection to node -1 (localhost/127.0.0.1:29092) could not be established. Node may not be available.
2026-02-21T09:51:26.640+05:30  WARN 49480 --- [service-core] [ntainer#0-0-C-1] org.apache.kafka.clients.NetworkClient   : [Consumer clientId=consumer-service-core-group-1, groupId=service-core-group] Bootstrap broker localhost:29092 (id: -1 rack: null isFenced: false) disconnected
2026-02-21T09:51:26.692+05:30  INFO 49480 --- [service-core] [ntainer#0-0-C-1] org.apache.kafka.clients.Metadata        : [Consumer clientId=consumer-service-core-group-1, groupId=service-core-group] Rebootstrapping with [localhost/127.0.0.1:29092]
2026-02-21T09:51:27.212+05:30  INFO 49480 --- [service-core] [ntainer#0-0-C-1] org.apache.kafka.clients.Metadata        : [Consumer clientId=consumer-service-core-group-1, groupId=service-core-group] Rebootstrapping with [localhost/127.0.0.1:29092]
2026-02-21T09:51:27.265+05:30  INFO 49480 --- [service-core] [ntainer#0-0-C-1] org.apache.kafka.clients.Metadata        : [Consumer clientId=consumer-service-core-group-1, groupId=service-core-group] Rebootstrapping with [localhost/127.0.0.1:29092]
2026-02-21T09:51:28.011+05:30  INFO 49480 --- [service-core] [ntainer#0-0-C-1] org.apache.kafka.clients.NetworkClient   : [Consumer clientId=consumer-service-core-group-1, groupId=service-core-group] Node -1 disconnected.
2026-02-21T09:51:28.011+05:30  WARN 49480 --- [service-core] [ntainer#0-0-C-1] org.apache.kafka.clients.NetworkClient   : [Consumer clientId=consumer-service-core-group-1, groupId=service-core-group] Connection to node -1 (localhost/127.0.0.1:29092) could not be established. Node may not be available.
2026-02-21T09:51:28.011+05:30  WARN 49480 --- [service-core] [ntainer#0-0-C-1] org.apache.kafka.clients.NetworkClient   : [Consumer clientId=consumer-service-core-group-1, groupId=service-core-group] Bootstrap broker localhost:29092 (id: -1 rack: null isFenced: false) disconnected
2026-02-21T09:51:28.932+05:30  INFO 49480 --- [service-core] [ntainer#0-0-C-1] org.apache.kafka.clients.Metadata        : [Consumer clientId=consumer-service-core-group-1, groupId=service-core-group] Rebootstrapping with [localhost/127.0.0.1:29092]
2026-02-21T09:51:28.985+05:30  INFO 49480 --- [service-core] [ntainer#0-0-C-1] org.apache.kafka.clients.NetworkClient   : [Consumer clientId=consumer-service-core-group-1, groupId=service-core-group] Node -1 disconnected.
2026-02-21T09:51:28.985+05:30  WARN 49480 --- [service-core] [ntainer#0-0-C-1] org.apache.kafka.clients.NetworkClient   : [Consumer clientId=consumer-service-core-group-1, groupId=service-core-group] Connection to node -1 (localhost/127.0.0.1:29092) could not be established. Node may not be available.
2026-02-21T09:51:28.985+05:30  WARN 49480 --- [service-core] [ntainer#0-0-C-1] org.apache.kafka.clients.NetworkClient   : [Consumer clientId=consumer-service-core-group-1, groupId=service-core-group] Bootstrap broker localhost:29092 (id: -1 rack: null isFenced: false) disconnected
2026-02-21T09:51:29.882+05:30  INFO 49480 --- [service-core] [ntainer#0-0-C-1] org.apache.kafka.clients.Metadata        : [Consumer clientId=consumer-service-core-group-1, groupId=service-core-group] Rebootstrapping with [localhost/127.0.0.1:29092]
2026-02-21T09:51:29.883+05:30  INFO 49480 --- [service-core] [ntainer#0-0-C-1] org.apache.kafka.clients.Metadata        : [Consumer clientId=consumer-service-core-group-1, groupId=service-core-group] Rebootstrapping with [localhost/127.0.0.1:29092]
2026-02-21T09:51:30.504+05:30  INFO 49480 --- [service-core] [ntainer#0-0-C-1] org.apache.kafka.clients.NetworkClient   : [Consumer clientId=consumer-service-core-group-1, groupId=service-core-group] Node -1 disconnected.
2026-02-21T09:51:30.504+05:30  WARN 49480 --- [service-core] [ntainer#0-0-C-1] org.apache.kafka.clients.NetworkClient   : [Consumer clientId=consumer-service-core-group-1, groupId=service-core-group] Connection to node -1 (localhost/127.0.0.1:29092) could not be established. Node may not be available.
2026-02-21T09:51:30.504+05:30  WARN 49480 --- [service-core] [ntainer#0-0-C-1] org.apache.kafka.clients.NetworkClient   : [Consumer clientId=consumer-service-core-group-1, groupId=service-core-group] Bootstrap broker localhost:29092 (id: -1 rack: null isFenced: false) disconnected
2026-02-21T09:51:31.375+05:30  INFO 49480 --- [service-core] [ntainer#0-0-C-1] org.apache.kafka.clients.Metadata        : [Consumer clientId=consumer-service-core-group-1, groupId=service-core-group] Rebootstrapping with [localhost/127.0.0.1:29092]
2026-02-21T09:51:31.425+05:30  INFO 49480 --- [service-core] [ntainer#0-0-C-1] org.apache.kafka.clients.Metadata        : [Consumer clientId=consumer-service-core-group-1, groupId=service-core-group] Rebootstrapping with [localhost/127.0.0.1:29092]
2026-02-21T09:51:31.602+05:30  INFO 49480 --- [service-core] [ntainer#0-0-C-1] org.apache.kafka.clients.NetworkClient   : [Consumer clientId=consumer-service-core-group-1, groupId=service-core-group] Node -1 disconnected.
2026-02-21T09:51:31.602+05:30  WARN 49480 --- [service-core] [ntainer#0-0-C-1] org.apache.kafka.clients.NetworkClient   : [Consumer clientId=consumer-service-core-group-1, groupId=service-core-group] Connection to node -1 (localhost/127.0.0.1:29092) could not be established. Node may not be available.
2026-02-21T09:51:31.602+05:30  WARN 49480 --- [service-core] [ntainer#0-0-C-1] org.apache.kafka.clients.NetworkClient   : [Consumer clientId=consumer-service-core-group-1, groupId=service-core-group] Bootstrap broker localhost:29092 (id: -1 rack: null isFenced: false) disconnected
2026-02-21T09:51:32.479+05:30  INFO 49480 --- [service-core] [ntainer#0-0-C-1] org.apache.kafka.clients.Metadata        : [Consumer clientId=consumer-service-core-group-1, groupId=service-core-group] Rebootstrapping with [localhost/127.0.0.1:29092]
2026-02-21T09:51:32.922+05:30  INFO 49480 --- [service-core] [ntainer#0-0-C-1] org.apache.kafka.clients.NetworkClient   : [Consumer clientId=consumer-service-core-group-1, groupId=service-core-group] Node -1 disconnected.
2026-02-21T09:51:32.922+05:30  WARN 49480 --- [service-core] [ntainer#0-0-C-1] org.apache.kafka.clients.NetworkClient   : [Consumer clientId=consumer-service-core-group-1, groupId=service-core-group] Connection to node -1 (localhost/127.0.0.1:29092) could not be established. Node may not be available.
2026-02-21T09:51:32.922+05:30  WARN 49480 --- [service-core] [ntainer#0-0-C-1] org.apache.kafka.clients.NetworkClient   : [Consumer clientId=consumer-service-core-group-1, groupId=service-core-group] Bootstrap broker localhost:29092 (id: -1 rack: null isFenced: false) disconnected
2026-02-21T09:51:33.852+05:30  INFO 49480 --- [service-core] [ntainer#0-0-C-1] org.apache.kafka.clients.Metadata        : [Consumer clientId=consumer-service-core-group-1, groupId=service-core-group] Rebootstrapping with [localhost/127.0.0.1:29092]
2026-02-21T09:51:33.904+05:30  INFO 49480 --- [service-core] [ntainer#0-0-C-1] org.apache.kafka.clients.Metadata        : [Consumer clientId=consumer-service-core-group-1, groupId=service-core-group] Rebootstrapping with [localhost/127.0.0.1:29092]
2026-02-21T09:51:34.612+05:30  INFO 49480 --- [service-core] [ntainer#0-0-C-1] org.apache.kafka.clients.NetworkClient   : [Consumer clientId=consumer-service-core-group-1, groupId=service-core-group] Node -1 disconnected.
2026-02-21T09:51:34.612+05:30  WARN 49480 --- [service-core] [ntainer#0-0-C-1] org.apache.kafka.clients.NetworkClient   : [Consumer clientId=consumer-service-core-group-1, groupId=service-core-group] Connection to node -1 (localhost/127.0.0.1:29092) could not be established. Node may not be available.
2026-02-21T09:51:34.612+05:30  WARN 49480 --- [service-core] [ntainer#0-0-C-1] org.apache.kafka.clients.NetworkClient   : [Consumer clientId=consumer-service-core-group-1, groupId=service-core-group] Bootstrap broker localhost:29092 (id: -1 rack: null isFenced: false) disconnected
2026-02-21T09:51:35.507+05:30  INFO 49480 --- [service-core] [ntainer#0-0-C-1] org.apache.kafka.clients.Metadata        : [Consumer clientId=consumer-service-core-group-1, groupId=service-core-group] Rebootstrapping with [localhost/127.0.0.1:29092]
2026-02-21T09:51:35.597+05:30  INFO 49480 --- [service-core] [ntainer#0-0-C-1] org.apache.kafka.clients.Metadata        : [Consumer clientId=consumer-service-core-group-1, groupId=service-core-group] Rebootstrapping with [localhost/127.0.0.1:29092]
2026-02-21T09:51:35.651+05:30  INFO 49480 --- [service-core] [ntainer#0-0-C-1] org.apache.kafka.clients.NetworkClient   : [Consumer clientId=consumer-service-core-group-1, groupId=service-core-group] Node -1 disconnected.
2026-02-21T09:51:35.651+05:30  WARN 49480 --- [service-core] [ntainer#0-0-C-1] org.apache.kafka.clients.NetworkClient   : [Consumer clientId=consumer-service-core-group-1, groupId=service-core-group] Connection to node -1 (localhost/127.0.0.1:29092) could not be established. Node may not be available.
2026-02-21T09:51:35.651+05:30  WARN 49480 --- [service-core] [ntainer#0-0-C-1] org.apache.kafka.clients.NetworkClient   : [Consumer clientId=consumer-service-core-group-1, groupId=service-core-group] Bootstrap broker localhost:29092 (id: -1 rack: null isFenced: false) disconnected
2026-02-21T09:51:36.595+05:30  INFO 49480 --- [service-core] [ntainer#0-0-C-1] org.apache.kafka.clients.NetworkClient   : [Consumer clientId=consumer-service-core-group-1, groupId=service-core-group] Node -1 disconnected.
2026-02-21T09:51:36.595+05:30  WARN 49480 --- [service-core] [ntainer#0-0-C-1] org.apache.kafka.clients.NetworkClient   : [Consumer clientId=consumer-service-core-group-1, groupId=service-core-group] Connection to node -1 (localhost/127.0.0.1:29092) could not be established. Node may not be available.
2026-02-21T09:51:36.595+05:30  WARN 49480 --- [service-core] [ntainer#0-0-C-1] org.apache.kafka.clients.NetworkClient   : [Consumer clientId=consumer-service-core-group-1, groupId=service-core-group] Bootstrap broker localhost:29092 (id: -1 rack: null isFenced: false) disconnected
2026-02-21T09:51:36.595+05:30  INFO 49480 --- [service-core] [ntainer#0-0-C-1] org.apache.kafka.clients.Metadata        : [Consumer clientId=consumer-service-core-group-1, groupId=service-core-group] Rebootstrapping with [localhost/127.0.0.1:29092]
2026-02-21T09:51:37.057+05:30  INFO 49480 --- [service-core] [ntainer#0-0-C-1] org.apache.kafka.clients.Metadata        : [Consumer clientId=consumer-service-core-group-1, groupId=service-core-group] Rebootstrapping with [localhost/127.0.0.1:29092]
2026-02-21T09:51:37.110+05:30  INFO 49480 --- [service-core] [ntainer#0-0-C-1] org.apache.kafka.clients.Metadata        : [Consumer clientId=consumer-service-core-group-1, groupId=service-core-group] Rebootstrapping with [localhost/127.0.0.1:29092]
2026-02-21T09:51:38.057+05:30  INFO 49480 --- [service-core] [ntainer#0-0-C-1] org.apache.kafka.clients.NetworkClient   : [Consumer clientId=consumer-service-core-group-1, groupId=service-core-group] Node -1 disconnected.
2026-02-21T09:51:38.058+05:30  WARN 49480 --- [service-core] [ntainer#0-0-C-1] org.apache.kafka.clients.NetworkClient   : [Consumer clientId=consumer-service-core-group-1, groupId=service-core-group] Connection to node -1 (localhost/127.0.0.1:29092) could not be established. Node may not be available.
2026-02-21T09:51:38.058+05:30  WARN 49480 --- [service-core] [ntainer#0-0-C-1] org.apache.kafka.clients.NetworkClient   : [Consumer clientId=consumer-service-core-group-1, groupId=service-core-group] Bootstrap broker localhost:29092 (id: -1 rack: null isFenced: false) disconnected
2026-02-21T09:51:38.876+05:30  INFO 49480 --- [service-core] [ntainer#0-0-C-1] org.apache.kafka.clients.Metadata        : [Consumer clientId=consumer-service-core-group-1, groupId=service-core-group] Rebootstrapping with [localhost/127.0.0.1:29092]
2026-02-21T09:51:39.940+05:30  INFO 49480 --- [service-core] [ntainer#0-0-C-1] org.apache.kafka.clients.NetworkClient   : [Consumer clientId=consumer-service-core-group-1, groupId=service-core-group] Node -1 disconnected.
2026-02-21T09:51:39.940+05:30  WARN 49480 --- [service-core] [ntainer#0-0-C-1] org.apache.kafka.clients.NetworkClient   : [Consumer clientId=consumer-service-core-group-1, groupId=service-core-group] Connection to node -1 (localhost/127.0.0.1:29092) could not be established. Node may not be available.
2026-02-21T09:51:39.940+05:30  WARN 49480 --- [service-core] [ntainer#0-0-C-1] org.apache.kafka.clients.NetworkClient   : [Consumer clientId=consumer-service-core-group-1, groupId=service-core-group] Bootstrap broker localhost:29092 (id: -1 rack: null isFenced: false) disconnected
2026-02-21T09:51:40.803+05:30  INFO 49480 --- [service-core] [ntainer#0-0-C-1] org.apache.kafka.clients.NetworkClient   : [Consumer clientId=consumer-service-core-group-1, groupId=service-core-group] Node -1 disconnected.
2026-02-21T09:51:40.803+05:30  WARN 49480 --- [service-core] [ntainer#0-0-C-1] org.apache.kafka.clients.NetworkClient   : [Consumer clientId=consumer-service-core-group-1, groupId=service-core-group] Connection to node -1 (localhost/127.0.0.1:29092) could not be established. Node may not be available.
2026-02-21T09:51:40.803+05:30  WARN 49480 --- [service-core] [ntainer#0-0-C-1] org.apache.kafka.clients.NetworkClient   : [Consumer clientId=consumer-service-core-group-1, groupId=service-core-group] Bootstrap broker localhost:29092 (id: -1 rack: null isFenced: false) disconnected
2026-02-21T09:51:40.923+05:30  INFO 49480 --- [service-core] [ntainer#0-0-C-1] org.apache.kafka.clients.Metadata        : [Consumer clientId=consumer-service-core-group-1, groupId=service-core-group] Rebootstrapping with [localhost/127.0.0.1:29092]
2026-02-21T09:51:40.976+05:30  INFO 49480 --- [service-core] [ntainer#0-0-C-1] org.apache.kafka.clients.Metadata        : [Consumer clientId=consumer-service-core-group-1, groupId=service-core-group] Rebootstrapping with [localhost/127.0.0.1:29092]
2026-02-21T09:51:41.197+05:30  INFO 49480 --- [service-core] [ntainer#0-0-C-1] org.apache.kafka.clients.Metadata        : [Consumer clientId=consumer-service-core-group-1, groupId=service-core-group] Rebootstrapping with [localhost/127.0.0.1:29092]
2026-02-21T09:51:41.248+05:30  INFO 49480 --- [service-core] [ntainer#0-0-C-1] org.apache.kafka.clients.Metadata        : [Consumer clientId=consumer-service-core-group-1, groupId=service-core-group] Rebootstrapping with [localhost/127.0.0.1:29092]
2026-02-21T09:51:41.600+05:30  INFO 49480 --- [service-core] [ntainer#0-0-C-1] org.apache.kafka.clients.Metadata        : [Consumer clientId=consumer-service-core-group-1, groupId=service-core-group] Rebootstrapping with [localhost/127.0.0.1:29092]
2026-02-21T09:51:41.652+05:30  INFO 49480 --- [service-core] [ntainer#0-0-C-1] org.apache.kafka.clients.Metadata        : [Consumer clientId=consumer-service-core-group-1, groupId=service-core-group] Rebootstrapping with [localhost/127.0.0.1:29092]
2026-02-21T09:51:42.418+05:30  INFO 49480 --- [service-core] [ntainer#0-0-C-1] org.apache.kafka.clients.NetworkClient   : [Consumer clientId=consumer-service-core-group-1, groupId=service-core-group] Node -1 disconnected.
2026-02-21T09:51:42.418+05:30  WARN 49480 --- [service-core] [ntainer#0-0-C-1] org.apache.kafka.clients.NetworkClient   : [Consumer clientId=consumer-service-core-group-1, groupId=service-core-group] Connection to node -1 (localhost/127.0.0.1:29092) could not be established. Node may not be available.
2026-02-21T09:51:42.418+05:30  WARN 49480 --- [service-core] [ntainer#0-0-C-1] org.apache.kafka.clients.NetworkClient   : [Consumer clientId=consumer-service-core-group-1, groupId=service-core-group] Bootstrap broker localhost:29092 (id: -1 rack: null isFenced: false) disconnected
2026-02-21T09:51:43.347+05:30  INFO 49480 --- [service-core] [ntainer#0-0-C-1] org.apache.kafka.clients.Metadata        : [Consumer clientId=consumer-service-core-group-1, groupId=service-core-group] Rebootstrapping with [localhost/127.0.0.1:29092]
2026-02-21T09:51:44.405+05:30  INFO 49480 --- [service-core] [ntainer#0-0-C-1] org.apache.kafka.clients.NetworkClient   : [Consumer clientId=consumer-service-core-group-1, groupId=service-core-group] Node -1 disconnected.
2026-02-21T09:51:44.405+05:30  WARN 49480 --- [service-core] [ntainer#0-0-C-1] org.apache.kafka.clients.NetworkClient   : [Consumer clientId=consumer-service-core-group-1, groupId=service-core-group] Connection to node -1 (localhost/127.0.0.1:29092) could not be established. Node may not be available.
2026-02-21T09:51:44.405+05:30  WARN 49480 --- [service-core] [ntainer#0-0-C-1] org.apache.kafka.clients.NetworkClient   : [Consumer clientId=consumer-service-core-group-1, groupId=service-core-group] Bootstrap broker localhost:29092 (id: -1 rack: null isFenced: false) disconnected
2026-02-21T09:51:45.408+05:30  INFO 49480 --- [service-core] [ntainer#0-0-C-1] org.apache.kafka.clients.NetworkClient   : [Consumer clientId=consumer-service-core-group-1, groupId=service-core-group] Node -1 disconnected.
2026-02-21T09:51:45.408+05:30  WARN 49480 --- [service-core] [ntainer#0-0-C-1] org.apache.kafka.clients.NetworkClient   : [Consumer clientId=consumer-service-core-group-1, groupId=service-core-group] Connection to node -1 (localhost/127.0.0.1:29092) could not be established. Node may not be available.
2026-02-21T09:51:45.408+05:30  WARN 49480 --- [service-core] [ntainer#0-0-C-1] org.apache.kafka.clients.NetworkClient   : [Consumer clientId=consumer-service-core-group-1, groupId=service-core-group] Bootstrap broker localhost:29092 (id: -1 rack: null isFenced: false) disconnected
2026-02-21T09:51:46.314+05:30  INFO 49480 --- [service-core] [ntainer#0-0-C-1] org.apache.kafka.clients.Metadata        : [Consumer clientId=consumer-service-core-group-1, groupId=service-core-group] Rebootstrapping with [localhost/127.0.0.1:29092]
2026-02-21T09:51:46.365+05:30  INFO 49480 --- [service-core] [ntainer#0-0-C-1] org.apache.kafka.clients.Metadata        : [Consumer clientId=consumer-service-core-group-1, groupId=service-core-group] Rebootstrapping with [localhost/127.0.0.1:29092]
2026-02-21T09:51:46.541+05:30  INFO 49480 --- [service-core] [ntainer#0-0-C-1] org.apache.kafka.clients.NetworkClient   : [Consumer clientId=consumer-service-core-group-1, groupId=service-core-group] Node -1 disconnected.
2026-02-21T09:51:46.541+05:30  WARN 49480 --- [service-core] [ntainer#0-0-C-1] org.apache.kafka.clients.NetworkClient   : [Consumer clientId=consumer-service-core-group-1, groupId=service-core-group] Connection to node -1 (localhost/127.0.0.1:29092) could not be established. Node may not be available.
2026-02-21T09:51:46.542+05:30  WARN 49480 --- [service-core] [ntainer#0-0-C-1] org.apache.kafka.clients.NetworkClient   : [Consumer clientId=consumer-service-core-group-1, groupId=service-core-group] Bootstrap broker localhost:29092 (id: -1 rack: null isFenced: false) disconnected
2026-02-21T09:51:47.502+05:30  INFO 49480 --- [service-core] [ntainer#0-0-C-1] org.apache.kafka.clients.NetworkClient   : [Consumer clientId=consumer-service-core-group-1, groupId=service-core-group] Node -1 disconnected.
2026-02-21T09:51:47.502+05:30  WARN 49480 --- [service-core] [ntainer#0-0-C-1] org.apache.kafka.clients.NetworkClient   : [Consumer clientId=consumer-service-core-group-1, groupId=service-core-group] Connection to node -1 (localhost/127.0.0.1:29092) could not be established. Node may not be available.
2026-02-21T09:51:47.502+05:30  WARN 49480 --- [service-core] [ntainer#0-0-C-1] org.apache.kafka.clients.NetworkClient   : [Consumer clientId=consumer-service-core-group-1, groupId=service-core-group] Bootstrap broker localhost:29092 (id: -1 rack: null isFenced: false) disconnected
2026-02-21T09:51:47.543+05:30  INFO 49480 --- [service-core] [ntainer#0-0-C-1] org.apache.kafka.clients.Metadata        : [Consumer clientId=consumer-service-core-group-1, groupId=service-core-group] Rebootstrapping with [localhost/127.0.0.1:29092]
2026-02-21T09:51:47.596+05:30  INFO 49480 --- [service-core] [ntainer#0-0-C-1] org.apache.kafka.clients.Metadata        : [Consumer clientId=consumer-service-core-group-1, groupId=service-core-group] Rebootstrapping with [localhost/127.0.0.1:29092]
2026-02-21T09:51:48.028+05:30  INFO 49480 --- [service-core] [ntainer#0-0-C-1] org.apache.kafka.clients.Metadata        : [Consumer clientId=consumer-service-core-group-1, groupId=service-core-group] Rebootstrapping with [localhost/127.0.0.1:29092]
2026-02-21T09:51:48.079+05:30  INFO 49480 --- [service-core] [ntainer#0-0-C-1] org.apache.kafka.clients.Metadata        : [Consumer clientId=consumer-service-core-group-1, groupId=service-core-group] Rebootstrapping with [localhost/127.0.0.1:29092]
2026-02-21T09:51:48.947+05:30  INFO 49480 --- [service-core] [ntainer#0-0-C-1] org.apache.kafka.clients.NetworkClient   : [Consumer clientId=consumer-service-core-group-1, groupId=service-core-group] Node -1 disconnected.
2026-02-21T09:51:48.947+05:30  WARN 49480 --- [service-core] [ntainer#0-0-C-1] org.apache.kafka.clients.NetworkClient   : [Consumer clientId=consumer-service-core-group-1, groupId=service-core-group] Connection to node -1 (localhost/127.0.0.1:29092) could not be established. Node may not be available.
2026-02-21T09:51:48.948+05:30  WARN 49480 --- [service-core] [ntainer#0-0-C-1] org.apache.kafka.clients.NetworkClient   : [Consumer clientId=consumer-service-core-group-1, groupId=service-core-group] Bootstrap broker localhost:29092 (id: -1 rack: null isFenced: false) disconnected
2026-02-21T09:51:49.949+05:30  INFO 49480 --- [service-core] [ntainer#0-0-C-1] org.apache.kafka.clients.NetworkClient   : [Consumer clientId=consumer-service-core-group-1, groupId=service-core-group] Node -1 disconnected.
2026-02-21T09:51:49.949+05:30  WARN 49480 --- [service-core] [ntainer#0-0-C-1] org.apache.kafka.clients.NetworkClient   : [Consumer clientId=consumer-service-core-group-1, groupId=service-core-group] Connection to node -1 (localhost/127.0.0.1:29092) could not be established. Node may not be available.
2026-02-21T09:51:49.949+05:30  WARN 49480 --- [service-core] [ntainer#0-0-C-1] org.apache.kafka.clients.NetworkClient   : [Consumer clientId=consumer-service-core-group-1, groupId=service-core-group] Bootstrap broker localhost:29092 (id: -1 rack: null isFenced: false) disconnected
2026-02-21T09:51:50.903+05:30  INFO 49480 --- [service-core] [ntainer#0-0-C-1] org.apache.kafka.clients.NetworkClient   : [Consumer clientId=consumer-service-core-group-1, groupId=service-core-group] Node -1 disconnected.
2026-02-21T09:51:50.903+05:30  WARN 49480 --- [service-core] [ntainer#0-0-C-1] org.apache.kafka.clients.NetworkClient   : [Consumer clientId=consumer-service-core-group-1, groupId=service-core-group] Connection to node -1 (localhost/127.0.0.1:29092) could not be established. Node may not be available.
2026-02-21T09:51:50.903+05:30  WARN 49480 --- [service-core] [ntainer#0-0-C-1] org.apache.kafka.clients.NetworkClient   : [Consumer clientId=consumer-service-core-group-1, groupId=service-core-group] Bootstrap broker localhost:29092 (id: -1 rack: null isFenced: false) disconnected
2026-02-21T09:51:51.786+05:30  INFO 49480 --- [service-core] [ntainer#0-0-C-1] org.apache.kafka.clients.Metadata        : [Consumer clientId=consumer-service-core-group-1, groupId=service-core-group] Rebootstrapping with [localhost/127.0.0.1:29092]
2026-02-21T09:51:51.837+05:30  INFO 49480 --- [service-core] [ntainer#0-0-C-1] org.apache.kafka.clients.Metadata        : [Consumer clientId=consumer-service-core-group-1, groupId=service-core-group] Rebootstrapping with [localhost/127.0.0.1:29092]
2026-02-21T09:51:52.019+05:30  INFO 49480 --- [service-core] [ntainer#0-0-C-1] org.apache.kafka.clients.NetworkClient   : [Consumer clientId=consumer-service-core-group-1, groupId=service-core-group] Node -1 disconnected.
2026-02-21T09:51:52.020+05:30  WARN 49480 --- [service-core] [ntainer#0-0-C-1] org.apache.kafka.clients.NetworkClient   : [Consumer clientId=consumer-service-core-group-1, groupId=service-core-group] Connection to node -1 (localhost/127.0.0.1:29092) could not be established. Node may not be available.
2026-02-21T09:51:52.020+05:30  WARN 49480 --- [service-core] [ntainer#0-0-C-1] org.apache.kafka.clients.NetworkClient   : [Consumer clientId=consumer-service-core-group-1, groupId=service-core-group] Bootstrap broker localhost:29092 (id: -1 rack: null isFenced: false) disconnected
2026-02-21T09:51:53.022+05:30  INFO 49480 --- [service-core] [ntainer#0-0-C-1] org.apache.kafka.clients.NetworkClient   : [Consumer clientId=consumer-service-core-group-1, groupId=service-core-group] Node -1 disconnected.
2026-02-21T09:51:53.022+05:30  WARN 49480 --- [service-core] [ntainer#0-0-C-1] org.apache.kafka.clients.NetworkClient   : [Consumer clientId=consumer-service-core-group-1, groupId=service-core-group] Connection to node -1 (localhost/127.0.0.1:29092) could not be established. Node may not be available.
2026-02-21T09:51:53.022+05:30  WARN 49480 --- [service-core] [ntainer#0-0-C-1] org.apache.kafka.clients.NetworkClient   : [Consumer clientId=consumer-service-core-group-1, groupId=service-core-group] Bootstrap broker localhost:29092 (id: -1 rack: null isFenced: false) disconnected
2026-02-21T09:51:53.954+05:30  INFO 49480 --- [service-core] [ntainer#0-0-C-1] org.apache.kafka.clients.Metadata        : [Consumer clientId=consumer-service-core-group-1, groupId=service-core-group] Rebootstrapping with [localhost/127.0.0.1:29092]
2026-02-21T09:51:54.006+05:30  INFO 49480 --- [service-core] [ntainer#0-0-C-1] org.apache.kafka.clients.Metadata        : [Consumer clientId=consumer-service-core-group-1, groupId=service-core-group] Rebootstrapping with [localhost/127.0.0.1:29092]
2026-02-21T09:51:54.355+05:30  INFO 49480 --- [service-core] [ntainer#0-0-C-1] org.apache.kafka.clients.NetworkClient   : [Consumer clientId=consumer-service-core-group-1, groupId=service-core-group] Node -1 disconnected.
2026-02-21T09:51:54.355+05:30  WARN 49480 --- [service-core] [ntainer#0-0-C-1] org.apache.kafka.clients.NetworkClient   : [Consumer clientId=consumer-service-core-group-1, groupId=service-core-group] Connection to node -1 (localhost/127.0.0.1:29092) could not be established. Node may not be available.
2026-02-21T09:51:54.355+05:30  WARN 49480 --- [service-core] [ntainer#0-0-C-1] org.apache.kafka.clients.NetworkClient   : [Consumer clientId=consumer-service-core-group-1, groupId=service-core-group] Bootstrap broker localhost:29092 (id: -1 rack: null isFenced: false) disconnected
2026-02-21T09:51:55.338+05:30  INFO 49480 --- [service-core] [ntainer#0-0-C-1] org.apache.kafka.clients.Metadata        : [Consumer clientId=consumer-service-core-group-1, groupId=service-core-group] Rebootstrapping with [localhost/127.0.0.1:29092]
2026-02-21T09:51:55.392+05:30  INFO 49480 --- [service-core] [ntainer#0-0-C-1] org.apache.kafka.clients.NetworkClient   : [Consumer clientId=consumer-service-core-group-1, groupId=service-core-group] Node -1 disconnected.
2026-02-21T09:51:55.392+05:30  WARN 49480 --- [service-core] [ntainer#0-0-C-1] org.apache.kafka.clients.NetworkClient   : [Consumer clientId=consumer-service-core-group-1, groupId=service-core-group] Connection to node -1 (localhost/127.0.0.1:29092) could not be established. Node may not be available.
2026-02-21T09:51:55.392+05:30  WARN 49480 --- [service-core] [ntainer#0-0-C-1] org.apache.kafka.clients.NetworkClient   : [Consumer clientId=consumer-service-core-group-1, groupId=service-core-group] Bootstrap broker localhost:29092 (id: -1 rack: null isFenced: false) disconnected
2026-02-21T09:51:56.273+05:30  INFO 49480 --- [service-core] [ntainer#0-0-C-1] org.apache.kafka.clients.Metadata        : [Consumer clientId=consumer-service-core-group-1, groupId=service-core-group] Rebootstrapping with [localhost/127.0.0.1:29092]
2026-02-21T09:51:56.325+05:30  INFO 49480 --- [service-core] [ntainer#0-0-C-1] org.apache.kafka.clients.Metadata        : [Consumer clientId=consumer-service-core-group-1, groupId=service-core-group] Rebootstrapping with [localhost/127.0.0.1:29092]
2026-02-21T09:51:56.539+05:30  INFO 49480 --- [service-core] [ntainer#0-0-C-1] org.apache.kafka.clients.NetworkClient   : [Consumer clientId=consumer-service-core-group-1, groupId=service-core-group] Node -1 disconnected.
2026-02-21T09:51:56.540+05:30  WARN 49480 --- [service-core] [ntainer#0-0-C-1] org.apache.kafka.clients.NetworkClient   : [Consumer clientId=consumer-service-core-group-1, groupId=service-core-group] Connection to node -1 (localhost/127.0.0.1:29092) could not be established. Node may not be available.
2026-02-21T09:51:56.540+05:30  WARN 49480 --- [service-core] [ntainer#0-0-C-1] org.apache.kafka.clients.NetworkClient   : [Consumer clientId=consumer-service-core-group-1, groupId=service-core-group] Bootstrap broker localhost:29092 (id: -1 rack: null isFenced: false) disconnected
2026-02-21T09:51:57.463+05:30  INFO 49480 --- [service-core] [ntainer#0-0-C-1] org.apache.kafka.clients.Metadata        : [Consumer clientId=consumer-service-core-group-1, groupId=service-core-group] Rebootstrapping with [localhost/127.0.0.1:29092]
2026-02-21T09:51:57.517+05:30  INFO 49480 --- [service-core] [ntainer#0-0-C-1] org.apache.kafka.clients.NetworkClient   : [Consumer clientId=consumer-service-core-group-1, groupId=service-core-group] Node -1 disconnected.
2026-02-21T09:51:57.518+05:30  WARN 49480 --- [service-core] [ntainer#0-0-C-1] org.apache.kafka.clients.NetworkClient   : [Consumer clientId=consumer-service-core-group-1, groupId=service-core-group] Connection to node -1 (localhost/127.0.0.1:29092) could not be established. Node may not be available.
2026-02-21T09:51:57.518+05:30  WARN 49480 --- [service-core] [ntainer#0-0-C-1] org.apache.kafka.clients.NetworkClient   : [Consumer clientId=consumer-service-core-group-1, groupId=service-core-group] Bootstrap broker localhost:29092 (id: -1 rack: null isFenced: false) disconnected
2026-02-21T09:51:57.928+05:30  INFO 49480 --- [service-core] [ntainer#0-0-C-1] org.apache.kafka.clients.Metadata        : [Consumer clientId=consumer-service-core-group-1, groupId=service-core-group] Rebootstrapping with [localhost/127.0.0.1:29092]
2026-02-21T09:51:57.928+05:30  INFO 49480 --- [service-core] [ntainer#0-0-C-1] org.apache.kafka.clients.Metadata        : [Consumer clientId=consumer-service-core-group-1, groupId=service-core-group] Rebootstrapping with [localhost/127.0.0.1:29092]
2026-02-21T09:51:58.681+05:30  INFO 49480 --- [service-core] [ntainer#0-0-C-1] org.apache.kafka.clients.NetworkClient   : [Consumer clientId=consumer-service-core-group-1, groupId=service-core-group] Node -1 disconnected.
2026-02-21T09:51:58.682+05:30  WARN 49480 --- [service-core] [ntainer#0-0-C-1] org.apache.kafka.clients.NetworkClient   : [Consumer clientId=consumer-service-core-group-1, groupId=service-core-group] Connection to node -1 (localhost/127.0.0.1:29092) could not be established. Node may not be available.
2026-02-21T09:51:58.682+05:30  WARN 49480 --- [service-core] [ntainer#0-0-C-1] org.apache.kafka.clients.NetworkClient   : [Consumer clientId=consumer-service-core-group-1, groupId=service-core-group] Bootstrap broker localhost:29092 (id: -1 rack: null isFenced: false) disconnected
2026-02-21T09:51:59.665+05:30  INFO 49480 --- [service-core] [ntainer#0-0-C-1] org.apache.kafka.clients.Metadata        : [Consumer clientId=consumer-service-core-group-1, groupId=service-core-group] Rebootstrapping with [localhost/127.0.0.1:29092]
2026-02-21T09:51:59.718+05:30  INFO 49480 --- [service-core] [ntainer#0-0-C-1] org.apache.kafka.clients.NetworkClient   : [Consumer clientId=consumer-service-core-group-1, groupId=service-core-group] Node -1 disconnected.
2026-02-21T09:51:59.718+05:30  WARN 49480 --- [service-core] [ntainer#0-0-C-1] org.apache.kafka.clients.NetworkClient   : [Consumer clientId=consumer-service-core-group-1, groupId=service-core-group] Connection to node -1 (localhost/127.0.0.1:29092) could not be established. Node may not be available.
2026-02-21T09:51:59.718+05:30  WARN 49480 --- [service-core] [ntainer#0-0-C-1] org.apache.kafka.clients.NetworkClient   : [Consumer clientId=consumer-service-core-group-1, groupId=service-core-group] Bootstrap broker localhost:29092 (id: -1 rack: null isFenced: false) disconnected
2026-02-21T09:52:00.636+05:30  INFO 49480 --- [service-core] [ntainer#0-0-C-1] org.apache.kafka.clients.Metadata        : [Consumer clientId=consumer-service-core-group-1, groupId=service-core-group] Rebootstrapping with [localhost/127.0.0.1:29092]
2026-02-21T09:52:00.688+05:30  INFO 49480 --- [service-core] [ntainer#0-0-C-1] org.apache.kafka.clients.Metadata        : [Consumer clientId=consumer-service-core-group-1, groupId=service-core-group] Rebootstrapping with [localhost/127.0.0.1:29092]
2026-02-21T09:52:00.884+05:30  INFO 49480 --- [service-core] [ntainer#0-0-C-1] org.apache.kafka.clients.NetworkClient   : [Consumer clientId=consumer-service-core-group-1, groupId=service-core-group] Node -1 disconnected.
2026-02-21T09:52:00.884+05:30  WARN 49480 --- [service-core] [ntainer#0-0-C-1] org.apache.kafka.clients.NetworkClient   : [Consumer clientId=consumer-service-core-group-1, groupId=service-core-group] Connection to node -1 (localhost/127.0.0.1:29092) could not be established. Node may not be available.
2026-02-21T09:52:00.884+05:30  WARN 49480 --- [service-core] [ntainer#0-0-C-1] org.apache.kafka.clients.NetworkClient   : [Consumer clientId=consumer-service-core-group-1, groupId=service-core-group] Bootstrap broker localhost:29092 (id: -1 rack: null isFenced: false) disconnected
2026-02-21T09:52:01.758+05:30  INFO 49480 --- [service-core] [ntainer#0-0-C-1] org.apache.kafka.clients.Metadata        : [Consumer clientId=consumer-service-core-group-1, groupId=service-core-group] Rebootstrapping with [localhost/127.0.0.1:29092]
2026-02-21T09:52:02.284+05:30  INFO 49480 --- [service-core] [ntainer#0-0-C-1] org.apache.kafka.clients.NetworkClient   : [Consumer clientId=consumer-service-core-group-1, groupId=service-core-group] Node -1 disconnected.
2026-02-21T09:52:02.284+05:30  WARN 49480 --- [service-core] [ntainer#0-0-C-1] org.apache.kafka.clients.NetworkClient   : [Consumer clientId=consumer-service-core-group-1, groupId=service-core-group] Connection to node -1 (localhost/127.0.0.1:29092) could not be established. Node may not be available.
2026-02-21T09:52:02.285+05:30  WARN 49480 --- [service-core] [ntainer#0-0-C-1] org.apache.kafka.clients.NetworkClient   : [Consumer clientId=consumer-service-core-group-1, groupId=service-core-group] Bootstrap broker localhost:29092 (id: -1 rack: null isFenced: false) disconnected
2026-02-21T09:52:03.215+05:30  INFO 49480 --- [service-core] [ntainer#0-0-C-1] org.apache.kafka.clients.Metadata        : [Consumer clientId=consumer-service-core-group-1, groupId=service-core-group] Rebootstrapping with [localhost/127.0.0.1:29092]
2026-02-21T09:52:03.267+05:30  INFO 49480 --- [service-core] [ntainer#0-0-C-1] org.apache.kafka.clients.NetworkClient   : [Consumer clientId=consumer-service-core-group-1, groupId=service-core-group] Node -1 disconnected.
2026-02-21T09:52:03.267+05:30  WARN 49480 --- [service-core] [ntainer#0-0-C-1] org.apache.kafka.clients.NetworkClient   : [Consumer clientId=consumer-service-core-group-1, groupId=service-core-group] Connection to node -1 (localhost/127.0.0.1:29092) could not be established. Node may not be available.
2026-02-21T09:52:03.268+05:30  WARN 49480 --- [service-core] [ntainer#0-0-C-1] org.apache.kafka.clients.NetworkClient   : [Consumer clientId=consumer-service-core-group-1, groupId=service-core-group] Bootstrap broker localhost:29092 (id: -1 rack: null isFenced: false) disconnected
2026-02-21T09:52:03.926+05:30  INFO 49480 --- [service-core] [ntainer#0-0-C-1] org.apache.kafka.clients.Metadata        : [Consumer clientId=consumer-service-core-group-1, groupId=service-core-group] Rebootstrapping with [localhost/127.0.0.1:29092]
2026-02-21T09:52:03.926+05:30  INFO 49480 --- [service-core] [ntainer#0-0-C-1] org.apache.kafka.clients.Metadata        : [Consumer clientId=consumer-service-core-group-1, groupId=service-core-group] Rebootstrapping with [localhost/127.0.0.1:29092]
2026-02-21T09:52:04.884+05:30  INFO 49480 --- [service-core] [ntainer#0-0-C-1] org.apache.kafka.clients.NetworkClient   : [Consumer clientId=consumer-service-core-group-1, groupId=service-core-group] Node -1 disconnected.
2026-02-21T09:52:04.884+05:30  WARN 49480 --- [service-core] [ntainer#0-0-C-1] org.apache.kafka.clients.NetworkClient   : [Consumer clientId=consumer-service-core-group-1, groupId=service-core-group] Connection to node -1 (localhost/127.0.0.1:29092) could not be established. Node may not be available.
2026-02-21T09:52:04.884+05:30  WARN 49480 --- [service-core] [ntainer#0-0-C-1] org.apache.kafka.clients.NetworkClient   : [Consumer clientId=consumer-service-core-group-1, groupId=service-core-group] Bootstrap broker localhost:29092 (id: -1 rack: null isFenced: false) disconnected
2026-02-21T09:52:05.792+05:30  INFO 49480 --- [service-core] [ntainer#0-0-C-1] org.apache.kafka.clients.Metadata        : [Consumer clientId=consumer-service-core-group-1, groupId=service-core-group] Rebootstrapping with [localhost/127.0.0.1:29092]
2026-02-21T09:52:05.846+05:30  INFO 49480 --- [service-core] [ntainer#0-0-C-1] org.apache.kafka.clients.NetworkClient   : [Consumer clientId=consumer-service-core-group-1, groupId=service-core-group] Node -1 disconnected.
2026-02-21T09:52:05.846+05:30  WARN 49480 --- [service-core] [ntainer#0-0-C-1] org.apache.kafka.clients.NetworkClient   : [Consumer clientId=consumer-service-core-group-1, groupId=service-core-group] Connection to node -1 (localhost/127.0.0.1:29092) could not be established. Node may not be available.
2026-02-21T09:52:05.846+05:30  WARN 49480 --- [service-core] [ntainer#0-0-C-1] org.apache.kafka.clients.NetworkClient   : [Consumer clientId=consumer-service-core-group-1, groupId=service-core-group] Bootstrap broker localhost:29092 (id: -1 rack: null isFenced: false) disconnected
2026-02-21T09:52:06.686+05:30  INFO 49480 --- [service-core] [ntainer#0-0-C-1] org.apache.kafka.clients.Metadata        : [Consumer clientId=consumer-service-core-group-1, groupId=service-core-group] Rebootstrapping with [localhost/127.0.0.1:29092]
2026-02-21T09:52:07.170+05:30  INFO 49480 --- [service-core] [ntainer#0-0-C-1] org.apache.kafka.clients.NetworkClient   : [Consumer clientId=consumer-service-core-group-1, groupId=service-core-group] Node -1 disconnected.
2026-02-21T09:52:07.171+05:30  WARN 49480 --- [service-core] [ntainer#0-0-C-1] org.apache.kafka.clients.NetworkClient   : [Consumer clientId=consumer-service-core-group-1, groupId=service-core-group] Connection to node -1 (localhost/127.0.0.1:29092) could not be established. Node may not be available.
2026-02-21T09:52:07.171+05:30  WARN 49480 --- [service-core] [ntainer#0-0-C-1] org.apache.kafka.clients.NetworkClient   : [Consumer clientId=consumer-service-core-group-1, groupId=service-core-group] Bootstrap broker localhost:29092 (id: -1 rack: null isFenced: false) disconnected
2026-02-21T09:52:08.147+05:30  INFO 49480 --- [service-core] [ntainer#0-0-C-1] org.apache.kafka.clients.NetworkClient   : [Consumer clientId=consumer-service-core-group-1, groupId=service-core-group] Node -1 disconnected.
2026-02-21T09:52:08.147+05:30  WARN 49480 --- [service-core] [ntainer#0-0-C-1] org.apache.kafka.clients.NetworkClient   : [Consumer clientId=consumer-service-core-group-1, groupId=service-core-group] Connection to node -1 (localhost/127.0.0.1:29092) could not be established. Node may not be available.
2026-02-21T09:52:08.147+05:30  WARN 49480 --- [service-core] [ntainer#0-0-C-1] org.apache.kafka.clients.NetworkClient   : [Consumer clientId=consumer-service-core-group-1, groupId=service-core-group] Bootstrap broker localhost:29092 (id: -1 rack: null isFenced: false) disconnected
2026-02-21T09:52:09.076+05:30  INFO 49480 --- [service-core] [ntainer#0-0-C-1] org.apache.kafka.clients.Metadata        : [Consumer clientId=consumer-service-core-group-1, groupId=service-core-group] Rebootstrapping with [localhost/127.0.0.1:29092]
2026-02-21T09:52:09.129+05:30  INFO 49480 --- [service-core] [ntainer#0-0-C-1] org.apache.kafka.clients.NetworkClient   : [Consumer clientId=consumer-service-core-group-1, groupId=service-core-group] Node -1 disconnected.
2026-02-21T09:52:09.129+05:30  WARN 49480 --- [service-core] [ntainer#0-0-C-1] org.apache.kafka.clients.NetworkClient   : [Consumer clientId=consumer-service-core-group-1, groupId=service-core-group] Connection to node -1 (localhost/127.0.0.1:29092) could not be established. Node may not be available.
2026-02-21T09:52:09.129+05:30  WARN 49480 --- [service-core] [ntainer#0-0-C-1] org.apache.kafka.clients.NetworkClient   : [Consumer clientId=consumer-service-core-group-1, groupId=service-core-group] Bootstrap broker localhost:29092 (id: -1 rack: null isFenced: false) disconnected
2026-02-21T09:52:10.017+05:30  INFO 49480 --- [service-core] [ntainer#0-0-C-1] org.apache.kafka.clients.Metadata        : [Consumer clientId=consumer-service-core-group-1, groupId=service-core-group] Rebootstrapping with [localhost/127.0.0.1:29092]
2026-02-21T09:52:10.533+05:30  INFO 49480 --- [service-core] [ntainer#0-0-C-1] org.apache.kafka.clients.NetworkClient   : [Consumer clientId=consumer-service-core-group-1, groupId=service-core-group] Node -1 disconnected.
2026-02-21T09:52:10.533+05:30  WARN 49480 --- [service-core] [ntainer#0-0-C-1] org.apache.kafka.clients.NetworkClient   : [Consumer clientId=consumer-service-core-group-1, groupId=service-core-group] Connection to node -1 (localhost/127.0.0.1:29092) could not be established. Node may not be available.
2026-02-21T09:52:10.533+05:30  WARN 49480 --- [service-core] [ntainer#0-0-C-1] org.apache.kafka.clients.NetworkClient   : [Consumer clientId=consumer-service-core-group-1, groupId=service-core-group] Bootstrap broker localhost:29092 (id: -1 rack: null isFenced: false) disconnected
2026-02-21T09:52:11.421+05:30  INFO 49480 --- [service-core] [ntainer#0-0-C-1] org.apache.kafka.clients.Metadata        : [Consumer clientId=consumer-service-core-group-1, groupId=service-core-group] Rebootstrapping with [localhost/127.0.0.1:29092]
2026-02-21T09:52:11.646+05:30  INFO 49480 --- [service-core] [ntainer#0-0-C-1] org.apache.kafka.clients.NetworkClient   : [Consumer clientId=consumer-service-core-group-1, groupId=service-core-group] Node -1 disconnected.
2026-02-21T09:52:11.646+05:30  WARN 49480 --- [service-core] [ntainer#0-0-C-1] org.apache.kafka.clients.NetworkClient   : [Consumer clientId=consumer-service-core-group-1, groupId=service-core-group] Connection to node -1 (localhost/127.0.0.1:29092) could not be established. Node may not be available.
2026-02-21T09:52:11.647+05:30  WARN 49480 --- [service-core] [ntainer#0-0-C-1] org.apache.kafka.clients.NetworkClient   : [Consumer clientId=consumer-service-core-group-1, groupId=service-core-group] Bootstrap broker localhost:29092 (id: -1 rack: null isFenced: false) disconnected
2026-02-21T09:52:12.523+05:30  INFO 49480 --- [service-core] [ntainer#0-0-C-1] org.apache.kafka.clients.NetworkClient   : [Consumer clientId=consumer-service-core-group-1, groupId=service-core-group] Node -1 disconnected.
2026-02-21T09:52:12.523+05:30  WARN 49480 --- [service-core] [ntainer#0-0-C-1] org.apache.kafka.clients.NetworkClient   : [Consumer clientId=consumer-service-core-group-1, groupId=service-core-group] Connection to node -1 (localhost/127.0.0.1:29092) could not be established. Node may not be available.
2026-02-21T09:52:12.523+05:30  WARN 49480 --- [service-core] [ntainer#0-0-C-1] org.apache.kafka.clients.NetworkClient   : [Consumer clientId=consumer-service-core-group-1, groupId=service-core-group] Bootstrap broker localhost:29092 (id: -1 rack: null isFenced: false) disconnected
2026-02-21T09:52:12.574+05:30  INFO 49480 --- [service-core] [ntainer#0-0-C-1] org.apache.kafka.clients.Metadata        : [Consumer clientId=consumer-service-core-group-1, groupId=service-core-group] Rebootstrapping with [localhost/127.0.0.1:29092]
2026-02-21T09:52:12.626+05:30  INFO 49480 --- [service-core] [ntainer#0-0-C-1] org.apache.kafka.clients.Metadata        : [Consumer clientId=consumer-service-core-group-1, groupId=service-core-group] Rebootstrapping with [localhost/127.0.0.1:29092]
2026-02-21T09:52:13.048+05:30  INFO 49480 --- [service-core] [ntainer#0-0-C-1] org.apache.kafka.clients.Metadata        : [Consumer clientId=consumer-service-core-group-1, groupId=service-core-group] Rebootstrapping with [localhost/127.0.0.1:29092]
2026-02-21T09:52:13.100+05:30  INFO 49480 --- [service-core] [ntainer#0-0-C-1] org.apache.kafka.clients.Metadata        : [Consumer clientId=consumer-service-core-group-1, groupId=service-core-group] Rebootstrapping with [localhost/127.0.0.1:29092]
2026-02-21T09:52:14.006+05:30  INFO 49480 --- [service-core] [ntainer#0-0-C-1] org.apache.kafka.clients.NetworkClient   : [Consumer clientId=consumer-service-core-group-1, groupId=service-core-group] Node -1 disconnected.
2026-02-21T09:52:14.007+05:30  WARN 49480 --- [service-core] [ntainer#0-0-C-1] org.apache.kafka.clients.NetworkClient   : [Consumer clientId=consumer-service-core-group-1, groupId=service-core-group] Connection to node -1 (localhost/127.0.0.1:29092) could not be established. Node may not be available.
2026-02-21T09:52:14.007+05:30  WARN 49480 --- [service-core] [ntainer#0-0-C-1] org.apache.kafka.clients.NetworkClient   : [Consumer clientId=consumer-service-core-group-1, groupId=service-core-group] Bootstrap broker localhost:29092 (id: -1 rack: null isFenced: false) disconnected
2026-02-21T09:52:15.009+05:30  INFO 49480 --- [service-core] [ntainer#0-0-C-1] org.apache.kafka.clients.NetworkClient   : [Consumer clientId=consumer-service-core-group-1, groupId=service-core-group] Node -1 disconnected.
2026-02-21T09:52:15.009+05:30  WARN 49480 --- [service-core] [ntainer#0-0-C-1] org.apache.kafka.clients.NetworkClient   : [Consumer clientId=consumer-service-core-group-1, groupId=service-core-group] Connection to node -1 (localhost/127.0.0.1:29092) could not be established. Node may not be available.
2026-02-21T09:52:15.009+05:30  WARN 49480 --- [service-core] [ntainer#0-0-C-1] org.apache.kafka.clients.NetworkClient   : [Consumer clientId=consumer-service-core-group-1, groupId=service-core-group] Bootstrap broker localhost:29092 (id: -1 rack: null isFenced: false) disconnected
2026-02-21T09:52:15.921+05:30  INFO 49480 --- [service-core] [ntainer#0-0-C-1] org.apache.kafka.clients.NetworkClient   : [Consumer clientId=consumer-service-core-group-1, groupId=service-core-group] Node -1 disconnected.
2026-02-21T09:52:15.921+05:30  WARN 49480 --- [service-core] [ntainer#0-0-C-1] org.apache.kafka.clients.NetworkClient   : [Consumer clientId=consumer-service-core-group-1, groupId=service-core-group] Connection to node -1 (localhost/127.0.0.1:29092) could not be established. Node may not be available.
2026-02-21T09:52:15.921+05:30  WARN 49480 --- [service-core] [ntainer#0-0-C-1] org.apache.kafka.clients.NetworkClient   : [Consumer clientId=consumer-service-core-group-1, groupId=service-core-group] Bootstrap broker localhost:29092 (id: -1 rack: null isFenced: false) disconnected
2026-02-21T09:52:16.011+05:30  INFO 49480 --- [service-core] [ntainer#0-0-C-1] org.apache.kafka.clients.Metadata        : [Consumer clientId=consumer-service-core-group-1, groupId=service-core-group] Rebootstrapping with [localhost/127.0.0.1:29092]
2026-02-21T09:52:16.063+05:30  INFO 49480 --- [service-core] [ntainer#0-0-C-1] org.apache.kafka.clients.Metadata        : [Consumer clientId=consumer-service-core-group-1, groupId=service-core-group] Rebootstrapping with [localhost/127.0.0.1:29092]
2026-02-21T09:52:16.276+05:30  INFO 49480 --- [service-core] [ntainer#0-0-C-1] org.apache.kafka.clients.Metadata        : [Consumer clientId=consumer-service-core-group-1, groupId=service-core-group] Rebootstrapping with [localhost/127.0.0.1:29092]
2026-02-21T09:52:16.327+05:30  INFO 49480 --- [service-core] [ntainer#0-0-C-1] org.apache.kafka.clients.Metadata        : [Consumer clientId=consumer-service-core-group-1, groupId=service-core-group] Rebootstrapping with [localhost/127.0.0.1:29092]
2026-02-21T09:52:16.652+05:30  INFO 49480 --- [service-core] [ntainer#0-0-C-1] org.apache.kafka.clients.Metadata        : [Consumer clientId=consumer-service-core-group-1, groupId=service-core-group] Rebootstrapping with [localhost/127.0.0.1:29092]
2026-02-21T09:52:16.704+05:30  INFO 49480 --- [service-core] [ntainer#0-0-C-1] org.apache.kafka.clients.Metadata        : [Consumer clientId=consumer-service-core-group-1, groupId=service-core-group] Rebootstrapping with [localhost/127.0.0.1:29092]
2026-02-21T09:52:17.650+05:30  INFO 49480 --- [service-core] [ntainer#0-0-C-1] org.apache.kafka.clients.NetworkClient   : [Consumer clientId=consumer-service-core-group-1, groupId=service-core-group] Node -1 disconnected.
2026-02-21T09:52:17.650+05:30  WARN 49480 --- [service-core] [ntainer#0-0-C-1] org.apache.kafka.clients.NetworkClient   : [Consumer clientId=consumer-service-core-group-1, groupId=service-core-group] Connection to node -1 (localhost/127.0.0.1:29092) could not be established. Node may not be available.
2026-02-21T09:52:17.650+05:30  WARN 49480 --- [service-core] [ntainer#0-0-C-1] org.apache.kafka.clients.NetworkClient   : [Consumer clientId=consumer-service-core-group-1, groupId=service-core-group] Bootstrap broker localhost:29092 (id: -1 rack: null isFenced: false) disconnected
2026-02-21T09:52:18.527+05:30  INFO 49480 --- [service-core] [ntainer#0-0-C-1] org.apache.kafka.clients.Metadata        : [Consumer clientId=consumer-service-core-group-1, groupId=service-core-group] Rebootstrapping with [localhost/127.0.0.1:29092]
2026-02-21T09:52:19.512+05:30  INFO 49480 --- [service-core] [ntainer#0-0-C-1] org.apache.kafka.clients.NetworkClient   : [Consumer clientId=consumer-service-core-group-1, groupId=service-core-group] Node -1 disconnected.
2026-02-21T09:52:19.512+05:30  WARN 49480 --- [service-core] [ntainer#0-0-C-1] org.apache.kafka.clients.NetworkClient   : [Consumer clientId=consumer-service-core-group-1, groupId=service-core-group] Connection to node -1 (localhost/127.0.0.1:29092) could not be established. Node may not be available.
2026-02-21T09:52:19.512+05:30  WARN 49480 --- [service-core] [ntainer#0-0-C-1] org.apache.kafka.clients.NetworkClient   : [Consumer clientId=consumer-service-core-group-1, groupId=service-core-group] Bootstrap broker localhost:29092 (id: -1 rack: null isFenced: false) disconnected
2026-02-21T09:52:20.441+05:30  INFO 49480 --- [service-core] [ntainer#0-0-C-1] org.apache.kafka.clients.Metadata        : [Consumer clientId=consumer-service-core-group-1, groupId=service-core-group] Rebootstrapping with [localhost/127.0.0.1:29092]
2026-02-21T09:52:20.545+05:30  INFO 49480 --- [service-core] [ntainer#0-0-C-1] org.apache.kafka.clients.NetworkClient   : [Consumer clientId=consumer-service-core-group-1, groupId=service-core-group] Node -1 disconnected.
2026-02-21T09:52:20.545+05:30  WARN 49480 --- [service-core] [ntainer#0-0-C-1] org.apache.kafka.clients.NetworkClient   : [Consumer clientId=consumer-service-core-group-1, groupId=service-core-group] Connection to node -1 (localhost/127.0.0.1:29092) could not be established. Node may not be available.
2026-02-21T09:52:20.545+05:30  WARN 49480 --- [service-core] [ntainer#0-0-C-1] org.apache.kafka.clients.NetworkClient   : [Consumer clientId=consumer-service-core-group-1, groupId=service-core-group] Bootstrap broker localhost:29092 (id: -1 rack: null isFenced: false) disconnected
2026-02-21T09:52:21.455+05:30  INFO 49480 --- [service-core] [ntainer#0-0-C-1] org.apache.kafka.clients.Metadata        : [Consumer clientId=consumer-service-core-group-1, groupId=service-core-group] Rebootstrapping with [localhost/127.0.0.1:29092]
2026-02-21T09:52:21.698+05:30  INFO 49480 --- [service-core] [ntainer#0-0-C-1] org.apache.kafka.clients.NetworkClient   : [Consumer clientId=consumer-service-core-group-1, groupId=service-core-group] Node -1 disconnected.
2026-02-21T09:52:21.699+05:30  WARN 49480 --- [service-core] [ntainer#0-0-C-1] org.apache.kafka.clients.NetworkClient   : [Consumer clientId=consumer-service-core-group-1, groupId=service-core-group] Connection to node -1 (localhost/127.0.0.1:29092) could not be established. Node may not be available.
2026-02-21T09:52:21.699+05:30  WARN 49480 --- [service-core] [ntainer#0-0-C-1] org.apache.kafka.clients.NetworkClient   : [Consumer clientId=consumer-service-core-group-1, groupId=service-core-group] Bootstrap broker localhost:29092 (id: -1 rack: null isFenced: false) disconnected
2026-02-21T09:52:22.631+05:30  INFO 49480 --- [service-core] [ntainer#0-0-C-1] org.apache.kafka.clients.NetworkClient   : [Consumer clientId=consumer-service-core-group-1, groupId=service-core-group] Node -1 disconnected.
2026-02-21T09:52:22.631+05:30  WARN 49480 --- [service-core] [ntainer#0-0-C-1] org.apache.kafka.clients.NetworkClient   : [Consumer clientId=consumer-service-core-group-1, groupId=service-core-group] Connection to node -1 (localhost/127.0.0.1:29092) could not be established. Node may not be available.
2026-02-21T09:52:22.631+05:30  WARN 49480 --- [service-core] [ntainer#0-0-C-1] org.apache.kafka.clients.NetworkClient   : [Consumer clientId=consumer-service-core-group-1, groupId=service-core-group] Bootstrap broker localhost:29092 (id: -1 rack: null isFenced: false) disconnected
2026-02-21T09:52:22.682+05:30  INFO 49480 --- [service-core] [ntainer#0-0-C-1] org.apache.kafka.clients.Metadata        : [Consumer clientId=consumer-service-core-group-1, groupId=service-core-group] Rebootstrapping with [localhost/127.0.0.1:29092]
2026-02-21T09:52:22.734+05:30  INFO 49480 --- [service-core] [ntainer#0-0-C-1] org.apache.kafka.clients.Metadata        : [Consumer clientId=consumer-service-core-group-1, groupId=service-core-group] Rebootstrapping with [localhost/127.0.0.1:29092]
2026-02-21T09:52:23.149+05:30  INFO 49480 --- [service-core] [ntainer#0-0-C-1] org.apache.kafka.clients.Metadata        : [Consumer clientId=consumer-service-core-group-1, groupId=service-core-group] Rebootstrapping with [localhost/127.0.0.1:29092]
2026-02-21T09:52:23.201+05:30  INFO 49480 --- [service-core] [ntainer#0-0-C-1] org.apache.kafka.clients.Metadata        : [Consumer clientId=consumer-service-core-group-1, groupId=service-core-group] Rebootstrapping with [localhost/127.0.0.1:29092]
2026-02-21T09:52:24.164+05:30  INFO 49480 --- [service-core] [ntainer#0-0-C-1] org.apache.kafka.clients.NetworkClient   : [Consumer clientId=consumer-service-core-group-1, groupId=service-core-group] Node -1 disconnected.
2026-02-21T09:52:24.165+05:30  WARN 49480 --- [service-core] [ntainer#0-0-C-1] org.apache.kafka.clients.NetworkClient   : [Consumer clientId=consumer-service-core-group-1, groupId=service-core-group] Connection to node -1 (localhost/127.0.0.1:29092) could not be established. Node may not be available.
2026-02-21T09:52:24.165+05:30  WARN 49480 --- [service-core] [ntainer#0-0-C-1] org.apache.kafka.clients.NetworkClient   : [Consumer clientId=consumer-service-core-group-1, groupId=service-core-group] Bootstrap broker localhost:29092 (id: -1 rack: null isFenced: false) disconnected
2026-02-21T09:52:25.095+05:30  INFO 49480 --- [service-core] [ntainer#0-0-C-1] org.apache.kafka.clients.Metadata        : [Consumer clientId=consumer-service-core-group-1, groupId=service-core-group] Rebootstrapping with [localhost/127.0.0.1:29092]
2026-02-21T09:52:25.146+05:30  INFO 49480 --- [service-core] [ntainer#0-0-C-1] org.apache.kafka.clients.Metadata        : [Consumer clientId=consumer-service-core-group-1, groupId=service-core-group] Rebootstrapping with [localhost/127.0.0.1:29092]
2026-02-21T09:52:25.550+05:30  INFO 49480 --- [service-core] [ntainer#0-0-C-1] org.apache.kafka.clients.NetworkClient   : [Consumer clientId=consumer-service-core-group-1, groupId=service-core-group] Node -1 disconnected.
2026-02-21T09:52:25.550+05:30  WARN 49480 --- [service-core] [ntainer#0-0-C-1] org.apache.kafka.clients.NetworkClient   : [Consumer clientId=consumer-service-core-group-1, groupId=service-core-group] Connection to node -1 (localhost/127.0.0.1:29092) could not be established. Node may not be available.
2026-02-21T09:52:25.550+05:30  WARN 49480 --- [service-core] [ntainer#0-0-C-1] org.apache.kafka.clients.NetworkClient   : [Consumer clientId=consumer-service-core-group-1, groupId=service-core-group] Bootstrap broker localhost:29092 (id: -1 rack: null isFenced: false) disconnected
2026-02-21T09:52:26.392+05:30  INFO 49480 --- [service-core] [ntainer#0-0-C-1] org.apache.kafka.clients.NetworkClient   : [Consumer clientId=consumer-service-core-group-1, groupId=service-core-group] Node -1 disconnected.
2026-02-21T09:52:26.392+05:30  WARN 49480 --- [service-core] [ntainer#0-0-C-1] org.apache.kafka.clients.NetworkClient   : [Consumer clientId=consumer-service-core-group-1, groupId=service-core-group] Connection to node -1 (localhost/127.0.0.1:29092) could not be established. Node may not be available.
2026-02-21T09:52:26.392+05:30  WARN 49480 --- [service-core] [ntainer#0-0-C-1] org.apache.kafka.clients.NetworkClient   : [Consumer clientId=consumer-service-core-group-1, groupId=service-core-group] Bootstrap broker localhost:29092 (id: -1 rack: null isFenced: false) disconnected
2026-02-21T09:52:26.550+05:30  INFO 49480 --- [service-core] [ntainer#0-0-C-1] org.apache.kafka.clients.Metadata        : [Consumer clientId=consumer-service-core-group-1, groupId=service-core-group] Rebootstrapping with [localhost/127.0.0.1:29092]
2026-02-21T09:52:26.603+05:30  INFO 49480 --- [service-core] [ntainer#0-0-C-1] org.apache.kafka.clients.Metadata        : [Consumer clientId=consumer-service-core-group-1, groupId=service-core-group] Rebootstrapping with [localhost/127.0.0.1:29092]
2026-02-21T09:52:26.792+05:30  INFO 49480 --- [service-core] [ntainer#0-0-C-1] org.apache.kafka.clients.Metadata        : [Consumer clientId=consumer-service-core-group-1, groupId=service-core-group] Rebootstrapping with [localhost/127.0.0.1:29092]
2026-02-21T09:52:26.845+05:30  INFO 49480 --- [service-core] [ntainer#0-0-C-1] org.apache.kafka.clients.Metadata        : [Consumer clientId=consumer-service-core-group-1, groupId=service-core-group] Rebootstrapping with [localhost/127.0.0.1:29092]
2026-02-21T09:52:27.179+05:30  INFO 49480 --- [service-core] [ntainer#0-0-C-1] org.apache.kafka.clients.Metadata        : [Consumer clientId=consumer-service-core-group-1, groupId=service-core-group] Rebootstrapping with [localhost/127.0.0.1:29092]
2026-02-21T09:52:27.230+05:30  INFO 49480 --- [service-core] [ntainer#0-0-C-1] org.apache.kafka.clients.Metadata        : [Consumer clientId=consumer-service-core-group-1, groupId=service-core-group] Rebootstrapping with [localhost/127.0.0.1:29092]
2026-02-21T09:52:28.073+05:30  INFO 49480 --- [service-core] [ntainer#0-0-C-1] org.apache.kafka.clients.NetworkClient   : [Consumer clientId=consumer-service-core-group-1, groupId=service-core-group] Node -1 disconnected.
2026-02-21T09:52:28.074+05:30  WARN 49480 --- [service-core] [ntainer#0-0-C-1] org.apache.kafka.clients.NetworkClient   : [Consumer clientId=consumer-service-core-group-1, groupId=service-core-group] Connection to node -1 (localhost/127.0.0.1:29092) could not be established. Node may not be available.
2026-02-21T09:52:28.074+05:30  WARN 49480 --- [service-core] [ntainer#0-0-C-1] org.apache.kafka.clients.NetworkClient   : [Consumer clientId=consumer-service-core-group-1, groupId=service-core-group] Bootstrap broker localhost:29092 (id: -1 rack: null isFenced: false) disconnected
2026-02-21T09:52:29.002+05:30  INFO 49480 --- [service-core] [ntainer#0-0-C-1] org.apache.kafka.clients.Metadata        : [Consumer clientId=consumer-service-core-group-1, groupId=service-core-group] Rebootstrapping with [localhost/127.0.0.1:29092]
2026-02-21T09:52:29.054+05:30  INFO 49480 --- [service-core] [ntainer#0-0-C-1] org.apache.kafka.clients.Metadata        : [Consumer clientId=consumer-service-core-group-1, groupId=service-core-group] Rebootstrapping with [localhost/127.0.0.1:29092]
2026-02-21T09:52:30.064+05:30  INFO 49480 --- [service-core] [ntainer#0-0-C-1] org.apache.kafka.clients.NetworkClient   : [Consumer clientId=consumer-service-core-group-1, groupId=service-core-group] Node -1 disconnected.
2026-02-21T09:52:30.065+05:30  WARN 49480 --- [service-core] [ntainer#0-0-C-1] org.apache.kafka.clients.NetworkClient   : [Consumer clientId=consumer-service-core-group-1, groupId=service-core-group] Connection to node -1 (localhost/127.0.0.1:29092) could not be established. Node may not be available.
2026-02-21T09:52:30.065+05:30  WARN 49480 --- [service-core] [ntainer#0-0-C-1] org.apache.kafka.clients.NetworkClient   : [Consumer clientId=consumer-service-core-group-1, groupId=service-core-group] Bootstrap broker localhost:29092 (id: -1 rack: null isFenced: false) disconnected
2026-02-21T09:52:30.912+05:30  INFO 49480 --- [service-core] [ntainer#0-0-C-1] org.apache.kafka.clients.NetworkClient   : [Consumer clientId=consumer-service-core-group-1, groupId=service-core-group] Node -1 disconnected.
2026-02-21T09:52:30.912+05:30  WARN 49480 --- [service-core] [ntainer#0-0-C-1] org.apache.kafka.clients.NetworkClient   : [Consumer clientId=consumer-service-core-group-1, groupId=service-core-group] Connection to node -1 (localhost/127.0.0.1:29092) could not be established. Node may not be available.
2026-02-21T09:52:30.912+05:30  WARN 49480 --- [service-core] [ntainer#0-0-C-1] org.apache.kafka.clients.NetworkClient   : [Consumer clientId=consumer-service-core-group-1, groupId=service-core-group] Bootstrap broker localhost:29092 (id: -1 rack: null isFenced: false) disconnected
2026-02-21T09:52:31.066+05:30  INFO 49480 --- [service-core] [ntainer#0-0-C-1] org.apache.kafka.clients.Metadata        : [Consumer clientId=consumer-service-core-group-1, groupId=service-core-group] Rebootstrapping with [localhost/127.0.0.1:29092]
2026-02-21T09:52:31.118+05:30  INFO 49480 --- [service-core] [ntainer#0-0-C-1] org.apache.kafka.clients.Metadata        : [Consumer clientId=consumer-service-core-group-1, groupId=service-core-group] Rebootstrapping with [localhost/127.0.0.1:29092]
2026-02-21T09:52:31.313+05:30  INFO 49480 --- [service-core] [ntainer#0-0-C-1] org.apache.kafka.clients.Metadata        : [Consumer clientId=consumer-service-core-group-1, groupId=service-core-group] Rebootstrapping with [localhost/127.0.0.1:29092]
2026-02-21T09:52:31.366+05:30  INFO 49480 --- [service-core] [ntainer#0-0-C-1] org.apache.kafka.clients.Metadata        : [Consumer clientId=consumer-service-core-group-1, groupId=service-core-group] Rebootstrapping with [localhost/127.0.0.1:29092]
2026-02-21T09:52:31.737+05:30  INFO 49480 --- [service-core] [ntainer#0-0-C-1] org.apache.kafka.clients.Metadata        : [Consumer clientId=consumer-service-core-group-1, groupId=service-core-group] Rebootstrapping with [localhost/127.0.0.1:29092]
2026-02-21T09:52:31.789+05:30  INFO 49480 --- [service-core] [ntainer#0-0-C-1] org.apache.kafka.clients.Metadata        : [Consumer clientId=consumer-service-core-group-1, groupId=service-core-group] Rebootstrapping with [localhost/127.0.0.1:29092]
2026-02-21T09:52:32.531+05:30  INFO 49480 --- [service-core] [ntainer#0-0-C-1] org.apache.kafka.clients.NetworkClient   : [Consumer clientId=consumer-service-core-group-1, groupId=service-core-group] Node -1 disconnected.
2026-02-21T09:52:32.531+05:30  WARN 49480 --- [service-core] [ntainer#0-0-C-1] org.apache.kafka.clients.NetworkClient   : [Consumer clientId=consumer-service-core-group-1, groupId=service-core-group] Connection to node -1 (localhost/127.0.0.1:29092) could not be established. Node may not be available.
2026-02-21T09:52:32.531+05:30  WARN 49480 --- [service-core] [ntainer#0-0-C-1] org.apache.kafka.clients.NetworkClient   : [Consumer clientId=consumer-service-core-group-1, groupId=service-core-group] Bootstrap broker localhost:29092 (id: -1 rack: null isFenced: false) disconnected
2026-02-21T09:52:33.462+05:30  INFO 49480 --- [service-core] [ntainer#0-0-C-1] org.apache.kafka.clients.Metadata        : [Consumer clientId=consumer-service-core-group-1, groupId=service-core-group] Rebootstrapping with [localhost/127.0.0.1:29092]
2026-02-21T09:52:34.346+05:30  INFO 49480 --- [service-core] [ntainer#0-0-C-1] org.apache.kafka.clients.NetworkClient   : [Consumer clientId=consumer-service-core-group-1, groupId=service-core-group] Node -1 disconnected.
2026-02-21T09:52:34.347+05:30  INFO 49480 --- [service-core] [ntainer#0-0-C-1] org.apache.kafka.clients.NetworkClient   : [Consumer clientId=consumer-service-core-group-1, groupId=service-core-group] Cancelled in-flight API_VERSIONS request with correlation id 29 due to node -1 being disconnected (elapsed time since creation: 0ms, elapsed time since send: 0ms, throttle time: 0ms, request timeout: 30000ms)
2026-02-21T09:52:34.347+05:30  WARN 49480 --- [service-core] [ntainer#0-0-C-1] org.apache.kafka.clients.NetworkClient   : [Consumer clientId=consumer-service-core-group-1, groupId=service-core-group] Bootstrap broker localhost:29092 (id: -1 rack: null isFenced: false) disconnected
2026-02-21T09:52:35.173+05:30  INFO 49480 --- [service-core] [ntainer#0-0-C-1] org.apache.kafka.clients.Metadata        : [Consumer clientId=consumer-service-core-group-1, groupId=service-core-group] Rebootstrapping with [localhost/127.0.0.1:29092]
2026-02-21T09:52:35.562+05:30  INFO 49480 --- [service-core] [ntainer#0-0-C-1] org.apache.kafka.clients.NetworkClient   : [Consumer clientId=consumer-service-core-group-1, groupId=service-core-group] Node -1 disconnected.
2026-02-21T09:52:35.562+05:30  INFO 49480 --- [service-core] [ntainer#0-0-C-1] org.apache.kafka.clients.NetworkClient   : [Consumer clientId=consumer-service-core-group-1, groupId=service-core-group] Cancelled in-flight API_VERSIONS request with correlation id 30 due to node -1 being disconnected (elapsed time since creation: 0ms, elapsed time since send: 0ms, throttle time: 0ms, request timeout: 30000ms)
2026-02-21T09:52:35.562+05:30  WARN 49480 --- [service-core] [ntainer#0-0-C-1] org.apache.kafka.clients.NetworkClient   : [Consumer clientId=consumer-service-core-group-1, groupId=service-core-group] Bootstrap broker localhost:29092 (id: -1 rack: null isFenced: false) disconnected
2026-02-21T09:52:36.629+05:30  WARN 49480 --- [service-core] [ntainer#0-0-C-1] org.apache.kafka.clients.NetworkClient   : [Consumer clientId=consumer-service-core-group-1, groupId=service-core-group] The metadata response from the cluster reported a recoverable issue with correlation id 34 : {sales_server.public.outbox_events=LEADER_NOT_AVAILABLE}
2026-02-21T09:52:36.629+05:30  INFO 49480 --- [service-core] [ntainer#0-0-C-1] org.apache.kafka.clients.Metadata        : [Consumer clientId=consumer-service-core-group-1, groupId=service-core-group] Cluster ID: xiuj4Z5ySQCCX9DyRQdIaw
2026-02-21T09:52:41.656+05:30  INFO 49480 --- [service-core] [ntainer#0-0-C-1] o.a.k.c.c.internals.ConsumerCoordinator  : [Consumer clientId=consumer-service-core-group-1, groupId=service-core-group] Discovered group coordinator kafka:29092 (id: 2147483646 rack: null isFenced: false)
2026-02-21T09:52:41.659+05:30  INFO 49480 --- [service-core] [ntainer#0-0-C-1] o.a.k.c.c.internals.ConsumerCoordinator  : [Consumer clientId=consumer-service-core-group-1, groupId=service-core-group] (Re-)joining group
2026-02-21T09:52:41.681+05:30  INFO 49480 --- [service-core] [ntainer#0-0-C-1] o.a.k.c.c.internals.ConsumerCoordinator  : [Consumer clientId=consumer-service-core-group-1, groupId=service-core-group] Request joining group due to: need to re-join with the given member-id: consumer-service-core-group-1-32963741-5c72-4330-bc5a-0e130f79d1fd
2026-02-21T09:52:41.682+05:30  INFO 49480 --- [service-core] [ntainer#0-0-C-1] o.a.k.c.c.internals.ConsumerCoordinator  : [Consumer clientId=consumer-service-core-group-1, groupId=service-core-group] (Re-)joining group
2026-02-21T09:52:44.714+05:30  INFO 49480 --- [service-core] [ntainer#0-0-C-1] o.a.k.c.c.internals.ConsumerCoordinator  : [Consumer clientId=consumer-service-core-group-1, groupId=service-core-group] Successfully joined group with generation Generation{generationId=1, memberId='consumer-service-core-group-1-32963741-5c72-4330-bc5a-0e130f79d1fd', protocol='range'}
2026-02-21T09:52:44.724+05:30  INFO 49480 --- [service-core] [ntainer#0-0-C-1] o.a.k.c.c.internals.ConsumerCoordinator  : [Consumer clientId=consumer-service-core-group-1, groupId=service-core-group] Finished assignment for group at generation 1: {consumer-service-core-group-1-32963741-5c72-4330-bc5a-0e130f79d1fd=Assignment(partitions=[sales_server.public.outbox_events-0])}
2026-02-21T09:52:44.746+05:30  INFO 49480 --- [service-core] [ntainer#0-0-C-1] o.a.k.c.c.internals.ConsumerCoordinator  : [Consumer clientId=consumer-service-core-group-1, groupId=service-core-group] Successfully synced group in generation Generation{generationId=1, memberId='consumer-service-core-group-1-32963741-5c72-4330-bc5a-0e130f79d1fd', protocol='range'}
2026-02-21T09:52:44.747+05:30  INFO 49480 --- [service-core] [ntainer#0-0-C-1] o.a.k.c.c.internals.ConsumerCoordinator  : [Consumer clientId=consumer-service-core-group-1, groupId=service-core-group] Notifying assignor about the new Assignment(partitions=[sales_server.public.outbox_events-0])
2026-02-21T09:52:44.748+05:30  INFO 49480 --- [service-core] [ntainer#0-0-C-1] k.c.c.i.ConsumerRebalanceListenerInvoker : [Consumer clientId=consumer-service-core-group-1, groupId=service-core-group] Adding newly assigned partitions: [sales_server.public.outbox_events-0]
2026-02-21T09:52:44.756+05:30  INFO 49480 --- [service-core] [ntainer#0-0-C-1] o.a.k.c.c.internals.ConsumerCoordinator  : [Consumer clientId=consumer-service-core-group-1, groupId=service-core-group] Found no committed offset for partition sales_server.public.outbox_events-0
2026-02-21T09:52:44.759+05:30  INFO 49480 --- [service-core] [ntainer#0-0-C-1] o.a.k.c.c.internals.ConsumerCoordinator  : [Consumer clientId=consumer-service-core-group-1, groupId=service-core-group] Found no committed offset for partition sales_server.public.outbox_events-0
2026-02-21T09:52:44.765+05:30  INFO 49480 --- [service-core] [ntainer#0-0-C-1] o.a.k.c.c.internals.SubscriptionState    : [Consumer clientId=consumer-service-core-group-1, groupId=service-core-group] Resetting offset for partition sales_server.public.outbox_events-0 to position FetchPosition{offset=0, offsetEpoch=Optional.empty, currentLeader=LeaderAndEpoch{leader=Optional[kafka:29092 (id: 1 rack: null isFenced: false)], epoch=0}}.
2026-02-21T09:52:44.774+05:30  INFO 49480 --- [service-core] [ntainer#0-0-C-1] o.s.k.l.KafkaMessageListenerContainer    : service-core-group: partitions assigned: [sales_server.public.outbox_events-0]
2026-02-21T09:52:55.424+05:30  INFO 49480 --- [service-core] [ntainer#0-0-C-1] c.n.service.kafka.KafkaConsumerService   : Received Kafka message: {"schema":{"type":"struct","fields":[{"type":"struct","fields":[{"type":"string","optional":false,"name":"io.debezium.data.Uuid","version":1,"field":"id"},{"type":"string","optional":false,"field":"aggregate_id"},{"type":"string","optional":false,"field":"aggregate_type"},{"type":"string","optional":false,"name":"io.debezium.time.ZonedTimestamp","version":1,"field":"created_at"},{"type":"string","optional":false,"name":"io.debezium.data.Json","version":1,"field":"payload"},{"type":"string","optional":false,"field":"type"}],"optional":true,"name":"sales_server.public.outbox_events.Value","field":"before"},{"type":"struct","fields":[{"type":"string","optional":false,"name":"io.debezium.data.Uuid","version":1,"field":"id"},{"type":"string","optional":false,"field":"aggregate_id"},{"type":"string","optional":false,"field":"aggregate_type"},{"type":"string","optional":false,"name":"io.debezium.time.ZonedTimestamp","version":1,"field":"created_at"},{"type":"string","optional":false,"name":"io.debezium.data.Json","version":1,"field":"payload"},{"type":"string","optional":false,"field":"type"}],"optional":true,"name":"sales_server.public.outbox_events.Value","field":"after"},{"type":"struct","fields":[{"type":"string","optional":false,"field":"version"},{"type":"string","optional":false,"field":"connector"},{"type":"string","optional":false,"field":"name"},{"type":"int64","optional":false,"field":"ts_ms"},{"type":"string","optional":true,"name":"io.debezium.data.Enum","version":1,"parameters":{"allowed":"true,last,false,incremental"},"default":"false","field":"snapshot"},{"type":"string","optional":false,"field":"db"},{"type":"string","optional":true,"field":"sequence"},{"type":"string","optional":false,"field":"schema"},{"type":"string","optional":false,"field":"table"},{"type":"int64","optional":true,"field":"txId"},{"type":"int64","optional":true,"field":"lsn"},{"type":"int64","optional":true,"field":"xmin"}],"optional":false,"name":"io.debezium.connector.postgresql.Source","field":"source"},{"type":"string","optional":false,"field":"op"},{"type":"int64","optional":true,"field":"ts_ms"},{"type":"struct","fields":[{"type":"string","optional":false,"field":"id"},{"type":"int64","optional":false,"field":"total_order"},{"type":"int64","optional":false,"field":"data_collection_order"}],"optional":true,"name":"event.block","version":1,"field":"transaction"}],"optional":false,"name":"sales_server.public.outbox_events.Envelope","version":1},"payload":{"before":null,"after":{"id":"7dbb8709-1e9f-43f2-9668-ad0b486c2631","aggregate_id":"9ef40a70-c8f6-401c-b723-3bd36d170b81","aggregate_type":"Lead","created_at":"2026-02-21T04:16:24.003832Z","payload":"{\"id\": \"9ef40a70-c8f6-401c-b723-3bd36d170b81\", \"name\": \"E2E Test Lead\", \"email\": \"e2e@test.com\", \"score\": 0, \"status\": \"New\", \"company\": \"Test Corp\", \"ownerId\": null, \"createdAt\": \"2026-02-21T09:46:23.981949\"}","type":"LeadCreated"},"source":{"version":"2.4.2.Final","connector":"postgresql","name":"sales_server","ts_ms":1771647774881,"snapshot":"first","db":"sales_db","sequence":"[null,\"44771328\"]","schema":"public","table":"outbox_events","txId":769,"lsn":44771328,"xmin":null},"op":"r","ts_ms":1771647774926,"transaction":null}}
2026-02-21T09:52:55.437+05:30  INFO 49480 --- [service-core] [ntainer#0-0-C-1] c.n.service.kafka.KafkaConsumerService   : Processed Outbox Event — Type: , AggregateId: , Event: LeadCreated
2026-02-21T09:52:55.441+05:30  INFO 49480 --- [service-core] [ntainer#0-0-C-1] c.n.service.kafka.KafkaConsumerService   : Received Kafka message: {"schema":{"type":"struct","fields":[{"type":"struct","fields":[{"type":"string","optional":false,"name":"io.debezium.data.Uuid","version":1,"field":"id"},{"type":"string","optional":false,"field":"aggregate_id"},{"type":"string","optional":false,"field":"aggregate_type"},{"type":"string","optional":false,"name":"io.debezium.time.ZonedTimestamp","version":1,"field":"created_at"},{"type":"string","optional":false,"name":"io.debezium.data.Json","version":1,"field":"payload"},{"type":"string","optional":false,"field":"type"}],"optional":true,"name":"sales_server.public.outbox_events.Value","field":"before"},{"type":"struct","fields":[{"type":"string","optional":false,"name":"io.debezium.data.Uuid","version":1,"field":"id"},{"type":"string","optional":false,"field":"aggregate_id"},{"type":"string","optional":false,"field":"aggregate_type"},{"type":"string","optional":false,"name":"io.debezium.time.ZonedTimestamp","version":1,"field":"created_at"},{"type":"string","optional":false,"name":"io.debezium.data.Json","version":1,"field":"payload"},{"type":"string","optional":false,"field":"type"}],"optional":true,"name":"sales_server.public.outbox_events.Value","field":"after"},{"type":"struct","fields":[{"type":"string","optional":false,"field":"version"},{"type":"string","optional":false,"field":"connector"},{"type":"string","optional":false,"field":"name"},{"type":"int64","optional":false,"field":"ts_ms"},{"type":"string","optional":true,"name":"io.debezium.data.Enum","version":1,"parameters":{"allowed":"true,last,false,incremental"},"default":"false","field":"snapshot"},{"type":"string","optional":false,"field":"db"},{"type":"string","optional":true,"field":"sequence"},{"type":"string","optional":false,"field":"schema"},{"type":"string","optional":false,"field":"table"},{"type":"int64","optional":true,"field":"txId"},{"type":"int64","optional":true,"field":"lsn"},{"type":"int64","optional":true,"field":"xmin"}],"optional":false,"name":"io.debezium.connector.postgresql.Source","field":"source"},{"type":"string","optional":false,"field":"op"},{"type":"int64","optional":true,"field":"ts_ms"},{"type":"struct","fields":[{"type":"string","optional":false,"field":"id"},{"type":"int64","optional":false,"field":"total_order"},{"type":"int64","optional":false,"field":"data_collection_order"}],"optional":true,"name":"event.block","version":1,"field":"transaction"}],"optional":false,"name":"sales_server.public.outbox_events.Envelope","version":1},"payload":{"before":null,"after":{"id":"54655e73-169f-48b4-bd2c-f0a803972ec5","aggregate_id":"34fb87ec-3f3b-49ac-abef-bc4389b7eb55","aggregate_type":"Lead","created_at":"2026-02-21T04:20:16.927357Z","payload":"{\"id\": \"34fb87ec-3f3b-49ac-abef-bc4389b7eb55\", \"name\": \"Kafka E2E Verified\", \"email\": \"kafka@e2e.com\", \"score\": 0, \"status\": \"New\", \"company\": \"E2E Corp\", \"ownerId\": null, \"createdAt\": \"2026-02-21T09:50:16.925339\"}","type":"LeadCreated"},"source":{"version":"2.4.2.Final","connector":"postgresql","name":"sales_server","ts_ms":1771647774881,"snapshot":"last","db":"sales_db","sequence":"[null,\"44771328\"]","schema":"public","table":"outbox_events","txId":769,"lsn":44771328,"xmin":null},"op":"r","ts_ms":1771647774927,"transaction":null}}
2026-02-21T09:52:55.441+05:30  INFO 49480 --- [service-core] [ntainer#0-0-C-1] c.n.service.kafka.KafkaConsumerService   : Processed Outbox Event — Type: , AggregateId: , Event: LeadCreated
2026-02-21T09:53:18.618+05:30  INFO 49480 --- [service-core] [ntainer#0-0-C-1] c.n.service.kafka.KafkaConsumerService   : Received Kafka message: {"schema":{"type":"struct","fields":[{"type":"struct","fields":[{"type":"string","optional":false,"name":"io.debezium.data.Uuid","version":1,"field":"id"},{"type":"string","optional":false,"field":"aggregate_id"},{"type":"string","optional":false,"field":"aggregate_type"},{"type":"string","optional":false,"name":"io.debezium.time.ZonedTimestamp","version":1,"field":"created_at"},{"type":"string","optional":false,"name":"io.debezium.data.Json","version":1,"field":"payload"},{"type":"string","optional":false,"field":"type"}],"optional":true,"name":"sales_server.public.outbox_events.Value","field":"before"},{"type":"struct","fields":[{"type":"string","optional":false,"name":"io.debezium.data.Uuid","version":1,"field":"id"},{"type":"string","optional":false,"field":"aggregate_id"},{"type":"string","optional":false,"field":"aggregate_type"},{"type":"string","optional":false,"name":"io.debezium.time.ZonedTimestamp","version":1,"field":"created_at"},{"type":"string","optional":false,"name":"io.debezium.data.Json","version":1,"field":"payload"},{"type":"string","optional":false,"field":"type"}],"optional":true,"name":"sales_server.public.outbox_events.Value","field":"after"},{"type":"struct","fields":[{"type":"string","optional":false,"field":"version"},{"type":"string","optional":false,"field":"connector"},{"type":"string","optional":false,"field":"name"},{"type":"int64","optional":false,"field":"ts_ms"},{"type":"string","optional":true,"name":"io.debezium.data.Enum","version":1,"parameters":{"allowed":"true,last,false,incremental"},"default":"false","field":"snapshot"},{"type":"string","optional":false,"field":"db"},{"type":"string","optional":true,"field":"sequence"},{"type":"string","optional":false,"field":"schema"},{"type":"string","optional":false,"field":"table"},{"type":"int64","optional":true,"field":"txId"},{"type":"int64","optional":true,"field":"lsn"},{"type":"int64","optional":true,"field":"xmin"}],"optional":false,"name":"io.debezium.connector.postgresql.Source","field":"source"},{"type":"string","optional":false,"field":"op"},{"type":"int64","optional":true,"field":"ts_ms"},{"type":"struct","fields":[{"type":"string","optional":false,"field":"id"},{"type":"int64","optional":false,"field":"total_order"},{"type":"int64","optional":false,"field":"data_collection_order"}],"optional":true,"name":"event.block","version":1,"field":"transaction"}],"optional":false,"name":"sales_server.public.outbox_events.Envelope","version":1},"payload":{"before":null,"after":{"id":"1fa0362f-e7bc-4906-bcd0-57a29f91dce0","aggregate_id":"2c7fa220-2eeb-4613-bffd-a56d4cb48ac0","aggregate_type":"Lead","created_at":"2026-02-21T04:23:17.854252Z","payload":"{\"id\": \"2c7fa220-2eeb-4613-bffd-a56d4cb48ac0\", \"name\": \"Final E2E\", \"email\": \"final@e2e.com\", \"score\": 0, \"status\": \"New\", \"company\": \"E2E Corp\", \"ownerId\": null, \"createdAt\": \"2026-02-21T09:53:17.853911\"}","type":"LeadCreated"},"source":{"version":"2.4.2.Final","connector":"postgresql","name":"sales_server","ts_ms":1771647797858,"snapshot":"false","db":"sales_db","sequence":"[null,\"44772360\"]","schema":"public","table":"outbox_events","txId":770,"lsn":44772360,"xmin":null},"op":"c","ts_ms":1771647798175,"transaction":null}}
2026-02-21T09:53:18.620+05:30  INFO 49480 --- [service-core] [ntainer#0-0-C-1] c.n.service.kafka.KafkaConsumerService   : Processed Outbox Event — Type: , AggregateId: , Event: LeadCreated
2026-02-21T10:03:09.839+05:30  INFO 49480 --- [service-core] [ntainer#0-0-C-1] c.n.service.kafka.KafkaConsumerService   : Received Kafka message: {"schema":{"type":"struct","fields":[{"type":"struct","fields":[{"type":"string","optional":false,"name":"io.debezium.data.Uuid","version":1,"field":"id"},{"type":"string","optional":false,"field":"aggregate_id"},{"type":"string","optional":false,"field":"aggregate_type"},{"type":"string","optional":false,"name":"io.debezium.time.ZonedTimestamp","version":1,"field":"created_at"},{"type":"string","optional":false,"name":"io.debezium.data.Json","version":1,"field":"payload"},{"type":"string","optional":false,"field":"type"}],"optional":true,"name":"sales_server.public.outbox_events.Value","field":"before"},{"type":"struct","fields":[{"type":"string","optional":false,"name":"io.debezium.data.Uuid","version":1,"field":"id"},{"type":"string","optional":false,"field":"aggregate_id"},{"type":"string","optional":false,"field":"aggregate_type"},{"type":"string","optional":false,"name":"io.debezium.time.ZonedTimestamp","version":1,"field":"created_at"},{"type":"string","optional":false,"name":"io.debezium.data.Json","version":1,"field":"payload"},{"type":"string","optional":false,"field":"type"}],"optional":true,"name":"sales_server.public.outbox_events.Value","field":"after"},{"type":"struct","fields":[{"type":"string","optional":false,"field":"version"},{"type":"string","optional":false,"field":"connector"},{"type":"string","optional":false,"field":"name"},{"type":"int64","optional":false,"field":"ts_ms"},{"type":"string","optional":true,"name":"io.debezium.data.Enum","version":1,"parameters":{"allowed":"true,last,false,incremental"},"default":"false","field":"snapshot"},{"type":"string","optional":false,"field":"db"},{"type":"string","optional":true,"field":"sequence"},{"type":"string","optional":false,"field":"schema"},{"type":"string","optional":false,"field":"table"},{"type":"int64","optional":true,"field":"txId"},{"type":"int64","optional":true,"field":"lsn"},{"type":"int64","optional":true,"field":"xmin"}],"optional":false,"name":"io.debezium.connector.postgresql.Source","field":"source"},{"type":"string","optional":false,"field":"op"},{"type":"int64","optional":true,"field":"ts_ms"},{"type":"struct","fields":[{"type":"string","optional":false,"field":"id"},{"type":"int64","optional":false,"field":"total_order"},{"type":"int64","optional":false,"field":"data_collection_order"}],"optional":true,"name":"event.block","version":1,"field":"transaction"}],"optional":false,"name":"sales_server.public.outbox_events.Envelope","version":1},"payload":{"before":null,"after":{"id":"232fb443-a8df-49d5-b293-d9dc04c5b95a","aggregate_id":"c0e6835b-a089-458a-99bf-a5660a1149a2","aggregate_type":"Lead","created_at":"2026-02-21T04:33:09.664792Z","payload":"{\"id\": \"c0e6835b-a089-458a-99bf-a5660a1149a2\", \"name\": \"Notif Test Lead\", \"email\": \"notify@test.com\", \"score\": 0, \"status\": \"New\", \"company\": \"TestCo\", \"ownerId\": null, \"createdAt\": \"2026-02-21T10:03:09.66321\"}","type":"LeadCreated"},"source":{"version":"2.4.2.Final","connector":"postgresql","name":"sales_server","ts_ms":1771648389669,"snapshot":"false","db":"sales_db","sequence":"[\"44773992\",\"44984880\"]","schema":"public","table":"outbox_events","txId":778,"lsn":44984880,"xmin":null},"op":"c","ts_ms":1771648389707,"transaction":null}}
2026-02-21T10:03:09.840+05:30  INFO 49480 --- [service-core] [ntainer#0-0-C-1] c.n.service.kafka.KafkaConsumerService   : Processed Outbox Event — Type: , AggregateId: , Event: LeadCreated
2026-02-21T10:33:16.765+05:30  INFO 49480 --- [service-core] [ntainer#0-0-C-1] k.c.c.i.ConsumerRebalanceListenerInvoker : [Consumer clientId=consumer-service-core-group-1, groupId=service-core-group] Revoke previously assigned partitions [sales_server.public.outbox_events-0]
2026-02-21T10:33:16.769+05:30  INFO 49480 --- [service-core] [ntainer#0-0-C-1] o.s.k.l.KafkaMessageListenerContainer    : service-core-group: partitions revoked: [sales_server.public.outbox_events-0]
2026-02-21T10:33:16.771+05:30  INFO 49480 --- [service-core] [ntainer#0-0-C-1] o.a.k.c.c.internals.ConsumerCoordinator  : [Consumer clientId=consumer-service-core-group-1, groupId=service-core-group] Member consumer-service-core-group-1-32963741-5c72-4330-bc5a-0e130f79d1fd sending LeaveGroup request to coordinator kafka:29092 (id: 2147483646 rack: null isFenced: false) due to the consumer unsubscribed from all topics
2026-02-21T10:33:16.771+05:30  INFO 49480 --- [service-core] [ntainer#0-0-C-1] o.a.k.c.c.internals.ConsumerCoordinator  : [Consumer clientId=consumer-service-core-group-1, groupId=service-core-group] Resetting generation and member id due to: consumer pro-actively leaving the group
2026-02-21T10:33:16.772+05:30  INFO 49480 --- [service-core] [ntainer#0-0-C-1] o.a.k.c.c.internals.ConsumerCoordinator  : [Consumer clientId=consumer-service-core-group-1, groupId=service-core-group] Request joining group due to: consumer pro-actively leaving the group
2026-02-21T10:33:16.772+05:30  INFO 49480 --- [service-core] [ntainer#0-0-C-1] o.a.k.c.c.i.ClassicKafkaConsumer         : [Consumer clientId=consumer-service-core-group-1, groupId=service-core-group] Unsubscribed all topics or patterns and assigned partitions
2026-02-21T10:33:16.778+05:30  INFO 49480 --- [service-core] [ntainer#0-0-C-1] o.a.k.c.c.internals.ConsumerCoordinator  : [Consumer clientId=consumer-service-core-group-1, groupId=service-core-group] Resetting generation and member id due to: consumer pro-actively leaving the group
2026-02-21T10:33:16.779+05:30  INFO 49480 --- [service-core] [ntainer#0-0-C-1] o.a.k.c.c.internals.ConsumerCoordinator  : [Consumer clientId=consumer-service-core-group-1, groupId=service-core-group] Request joining group due to: consumer pro-actively leaving the group
2026-02-21T10:33:17.219+05:30  INFO 49480 --- [service-core] [ntainer#0-0-C-1] o.apache.kafka.common.metrics.Metrics    : Metrics scheduler closed
2026-02-21T10:33:17.219+05:30  INFO 49480 --- [service-core] [ntainer#0-0-C-1] o.apache.kafka.common.metrics.Metrics    : Closing reporter org.apache.kafka.common.metrics.JmxReporter
2026-02-21T10:33:17.219+05:30  INFO 49480 --- [service-core] [ntainer#0-0-C-1] o.apache.kafka.common.metrics.Metrics    : Closing reporter org.apache.kafka.common.telemetry.internals.ClientTelemetryReporter
2026-02-21T10:33:17.219+05:30  INFO 49480 --- [service-core] [ntainer#0-0-C-1] o.apache.kafka.common.metrics.Metrics    : Metrics reporters closed
2026-02-21T10:33:17.224+05:30  INFO 49480 --- [service-core] [ntainer#0-0-C-1] o.a.kafka.common.utils.AppInfoParser     : App info kafka.consumer for consumer-service-core-group-1 unregistered
2026-02-21T10:33:17.225+05:30  INFO 49480 --- [service-core] [ntainer#0-0-C-1] o.s.k.l.KafkaMessageListenerContainer    : service-core-group: Consumer stopped
2026-02-21T10:33:17.226+05:30  INFO 49480 --- [service-core] [ionShutdownHook] o.s.boot.tomcat.GracefulShutdown         : Commencing graceful shutdown. Waiting for active requests to complete
2026-02-21T10:33:17.231+05:30  INFO 49480 --- [service-core] [tomcat-shutdown] o.s.boot.tomcat.GracefulShutdown         : Graceful shutdown complete
2026-02-21T10:33:17.236+05:30  INFO 49480 --- [service-core] [ionShutdownHook] j.LocalContainerEntityManagerFactoryBean : Closing JPA EntityManagerFactory for persistence unit 'default'
2026-02-21T10:33:17.238+05:30  INFO 49480 --- [service-core] [ionShutdownHook] com.zaxxer.hikari.HikariDataSource       : HikariPool-1 - Shutdown initiated...
2026-02-21T10:33:17.239+05:30  INFO 49480 --- [service-core] [ionShutdownHook] com.zaxxer.hikari.HikariDataSource       : HikariPool-1 - Shutdown completed.
